2,-0.02,-0.01,-0.02,-0.001111111,0.004444445,-0.002222222,49.5625,27.75,-23.5625,-22.3125,-2.25,319.5625,0,0,10.27872
17,-0.08,0.04,-0.06,-0.03,0.01777778,-0.01333333,49.5625,27.75,-23.5625,-22.3125,-2.1875,319.5625,0,0,10.02478
28,-0.08,0.0,0.06,-0.01333333,0.004444445,-0.01111111,50.0,28.1875,-24.0,-22.3125,-2.1875,319.5625,0,0,9.975333
39,-0.14,0.01,0.01,0.007777778,-0.005555556,-0.003333333,50.0,28.1875,-24.0,-22.3125,-2.1875,319.5625,0,0,9.877716
50,-0.05,0.0,-0.1,0.006666667,-0.01111111,-0.004444445,50.0,28.1875,-24.0,-22.3125,-2.1875,319.5625,0,0,9.687498
64,-0.02,0.04,-0.13,0.002222222,-0.005555556,-0.006666667,50.0,28.1875,-24.0,-22.3125,-2.1875,319.5625,0,0,9.664183
75,-0.02,-0.02,-0.08,-0.008888889,-0.002222222,-0.01111111,49.25,28.1875,-24.0,-22.3125,-2.1875,319.5625,0,0,9.687498
86,-0.09,-0.02,-0.02,-0.01222222,-0.001111111,-0.01111111,49.25,28.1875,-24.0,-22.3125,-2.1875,319.5625,0,0,9.503673
97,-0.02,-0.13,-0.08,-0.01333333,0.001111111,-0.007777778,49.25,28.1875,-24.0,-22.3125,-2.1875,319.5625,0,0,9.414063
111,-0.04,-0.12,-0.02,-0.01111111,0.001111111,-0.005555556,49.25,28.1875,-24.0,-22.3125,-2.1875,319.5625,0,0,9.09091
122,0.02,0.06,-0.06,0.006666667,0.008888889,0.0,48.1875,28.1875,-24.375,-22.3125,-2.1875,319.5625,0,0,8.826281
133,0.02,0.17,-0.14,-0.004444445,0.02444444,-0.002222222,48.1875,28.1875,-24.375,-22.375,-2.1875,319.5625,0,0,8.650867
144,-0.02,0.25,-0.18,-0.01555556,0.03666667,-0.01111111,48.1875,28.1875,-24.375,-22.375,-2.1875,319.5625,0,0,8.426276
155,-0.03,0.17,-0.16,-0.03888889,0.03888889,-0.01777778,48.1875,28.1875,-24.375,-22.375,-2.125,319.5625,0,0,8.37171
167,-0.12,0.14,-0.03,-0.05333333,0.04,-0.02444444,48.1875,28.1875,-24.375,-22.4375,-2.125,319.5625,0,0,8.229165
178,-0.25,-0.04,0.08,-0.06555556,0.03888889,-0.03333333,48.875,28.5,-24.75,-22.4375,-2.0625,319.625,0,0,8.229165
189,-0.18,-0.25,0.03,-0.04555555,0.007777778,-0.02333333,48.875,28.5,-24.75,-22.4375,-2.0,319.625,0,0,8.229165
200,-0.15,-0.21,0.09,-0.02,-0.004444445,-0.01111111,48.875,28.5,-24.75,-22.4375,-2.0,319.625,0,0,8.282122
212,-0.04,-0.06,0.0,0.005555556,-0.01222222,-0.001111111,48.875,28.5,-24.75,-22.4375,-2.0,319.625,0,0,8.229165
226,-0.12,0.09,-0.01,0.02111111,-0.01666667,0.002222222,48.875,28.5,-23.5625,-22.4375,-2.0,319.625,0,0,8.229165
237,-0.15,-0.11,-0.05,0.008888889,-0.01777778,-0.002222222,48.875,28.5,-23.5625,-22.4375,-2.0,319.625,0,0,8.37171
248,0.13,0.2,-0.25,0.01777778,-0.02888889,0.0,48.875,28.5,-23.5625,-22.4375,-2.0,319.625,0,0,8.500003
259,-0.29,-0.24,0.26,0.006666667,-0.02111111,-0.006666667,48.875,28.5,-23.5625,-22.4375,-2.0,319.625,0,0,8.670058
271,-0.2,-0.14,0.14,-0.005555556,-0.03,-0.008888889,49.25,27.75,-23.5625,-22.375,-2.0,319.625,0,0,8.826281
283,-0.46,-0.18,0.3,0.05222222,-0.06333333,0.002222222,49.25,27.75,-23.5625,-22.375,-2.0625,319.625,0,0,8.967064
294,0.23,0.02,-0.26,0.09444445,-0.08,0.01555556,49.25,27.75,-23.5625,-22.3125,-2.125,319.625,0,0,8.987501
305,0.15,-0.1,-0.15,0.09333333,-0.06222222,0.02333333,49.25,27.75,-23.5625,-22.25,-2.1875,319.625,0,0,8.987501
316,0.07,-0.09,-0.14,0.08444444,-0.04,0.02555555,49.25,28.1875,-24.0,-22.25,-2.1875,319.625,0,0,8.987501
330,-0.03,-0.04,-0.03,0.08222222,-0.02333333,0.02777778,49.25,28.1875,-24.0,-22.25,-2.3125,319.625,0,0,8.747563
341,-0.11,0.11,-0.02,0.09111111,-0.003333333,0.03222222,49.25,28.1875,-24.0,-22.25,-2.375,319.625,0,0,8.593754
352,-0.15,0.06,0.06,0.08777779,-0.004444445,0.03222222,49.25,28.1875,-24.0,-22.25,-2.4375,319.625,0,0,8.37171
363,-0.08,0.13,-0.01,0.07777778,-0.003333333,0.02777778,48.5625,28.5,-23.5625,-22.25,-2.5,319.5625,0,0,8.073771
378,-0.05,0.14,0.02,0.07444444,-0.004444445,0.02444444,48.5625,28.5,-23.5625,-22.25,-2.5625,319.5625,0,0,7.338506
389,-0.59,-0.21,0.52,0.08,-0.01444444,0.02666667,48.5625,28.5,-23.5625,-22.25,-2.625,319.5625,0,0,6.649303
400,-0.32,-0.11,0.3,0.1277778,-0.04555555,0.04,48.5625,28.5,-23.5625,-22.1875,-2.6875,319.5625,0,0,5.939254
411,-0.09,-0.1,0.13,0.1544444,-0.07,0.05111111,49.25,28.1875,-23.25,-22.1875,-2.8125,319.5625,0,0,5.015301
422,-0.13,-0.18,0.12,0.1666667,-0.06777778,0.05777778,49.25,28.1875,-23.25,-22.125,-2.875,319.5625,0,0,4.195479
437,-0.19,-0.32,0.28,0.1911111,-0.06333333,0.05333333,49.25,28.1875,-23.25,-22.0625,-3.0625,319.5,0,0,2.601581
448,-1.3,0.24,1.16,0.1977778,-0.08111111,0.02888889,49.25,28.1875,-23.25,-22.0,-3.1875,319.5625,0,0,2.0
459,-0.41,0.85,0.22,0.2033333,-0.1488889,0.05777778,48.5625,27.75,-24.0,-21.9375,-3.3125,319.5,0,0,1.3444
474,-0.06,0.54,0.08,0.1288889,-0.2022222,0.08333334,48.5625,27.75,-24.0,-21.8125,-3.4375,319.5,0,0,0.6174754
486,0.21,0.32,-0.07,0.003333333,-0.1755556,0.03,48.5625,27.75,-24.0,-21.625,-3.4375,319.4375,0,0,0.3698576
498,0.6,2.71,1.18,-0.02777778,-0.1566667,0.01,48.5625,27.75,-24.0,-21.5,-3.4375,319.4375,0,0,0.3431373
509,2.03,4.17,2.0,-0.1088889,-0.1866667,0.05333333,47.75,27.375,-23.5625,-21.4375,-3.375,319.4375,0,0,0.3431373
523,3.82,1.54,0.17,-0.4777778,-0.2033333,0.08222222,47.75,27.375,-23.5625,-21.25,-2.6875,319.1875,0,0,0.3678097
534,4.16,-0.28,0.51,-0.8166667,0.04888889,0.06444445,47.75,27.375,-23.5625,-21.3125,-2.25,319.0625,0,0,0.3678097
546,3.85,0.06,1.08,-0.5833333,0.19,0.03222222,47.75,27.375,-23.5625,-21.375,-1.9375,319.0,0,0,0.375
557,3.11,0.91,2.51,-0.3422222,0.2577778,-0.02333333,48.1875,27.375,-23.5625,-21.5625,-1.75,319.0,0,0,0.3838174
570,2.94,0.95,3.05,-0.2288889,0.2277778,-0.09,48.1875,27.375,-23.5625,-21.75,-1.5,319.0625,0,0,0.3817341
581,3.86,0.7,2.6,-0.1133333,-0.01888889,-0.1722222,48.1875,27.375,-23.5625,-21.75,-1.4375,319.125,0,0,0.3812141
592,3.98,0.7,2.37,-0.04555555,-0.1411111,-0.1888889,48.1875,27.375,-23.5625,-21.625,-1.3125,319.25,0,0,0.3916774
604,4.07,0.72,2.28,0.01222222,-0.2388889,-0.19,48.1875,28.1875,-24.0,-21.5,-1.3125,319.375,0,0,0.385906
617,4.14,0.9,2.09,0.05222222,-0.3255556,-0.1866667,48.1875,28.1875,-24.0,-21.125,-1.3125,319.5625,0,0,0.4001451
628,3.69,0.79,2.36,0.02888889,-0.4955555,-0.1522222,48.1875,28.1875,-24.0,-20.875,-1.25,319.625,0,0,0.390625
639,3.73,0.68,2.14,0.02444444,-0.6077778,-0.1255556,48.1875,28.1875,-24.0,-20.5,-1.25,319.75,0,0,0.3990818
650,3.56,0.7,1.66,0.05555556,-0.7033333,-0.09222222,47.75,28.1875,-23.25,-19.5,-1.375,319.75,0,0,0.3900993
664,3.13,0.72,1.68,0.08444444,-0.7711111,-0.06333333,47.75,28.1875,-23.25,-18.625,-1.4375,319.8125,0,0,0.389574
675,3.03,0.73,1.2,0.1266667,-0.8933333,0.01,47.75,28.1875,-23.25,-18.125,-1.5,319.875,0,0,0.392204
686,2.42,0.94,1.58,0.1577778,-0.9322223,0.05777778,47.75,28.1875,-23.25,-17.625,-1.625,319.8125,0,0,0.3869524
697,2.35,0.93,1.49,0.1711111,-0.9911111,0.1022222,46.6875,26.6875,-25.5625,-17.125,-1.6875,319.8125,0,0,0.385906
708,2.38,0.71,1.29,0.1544444,-1.053333,0.1422222,46.6875,26.6875,-25.5625,-16.5,-1.8125,319.75,0,0,0.3916774
721,2.37,0.42,0.7,0.1533333,-1.097778,0.1711111,46.6875,26.6875,-25.5625,-15.3125,-2.0625,319.5625,0,0,0.3698576
732,1.68,0.39,0.91,0.2222222,-1.126667,0.2211111,46.6875,26.6875,-25.5625,-14.6875,-2.1875,319.5,0,0,0.3652571
743,0.76,0.53,1.71,0.2677778,-1.143333,0.2488889,44.1875,26.0,-28.5625,-14.0625,-2.375,319.375,0,0,0.3698576
754,0.39,0.41,1.96,0.3011111,-1.208889,0.2811111,44.1875,26.0,-28.5625,-13.375,-2.5625,319.25,0,0,0.368833
770,0.2,0.3,1.92,0.3288889,-1.321111,0.3077778,44.1875,26.0,-28.5625,-11.875,-3.0,319.0,0,0,0.368833
781,0.76,-0.24,0.65,0.3666667,-1.551111,0.3477778,44.1875,26.0,-28.5625,-11.0,-3.25,318.875,0,0,0.3713969
792,0.36,-0.16,0.63,0.4066667,-1.582222,0.3677778,41.1875,23.75,-30.5,-10.125,-3.5,318.6875,0,0,0.373969
803,-0.07,0.16,0.71,0.44,-1.583333,0.3944444,41.1875,23.75,-30.5,-9.25,-3.75,318.5625,0,0,0.3662772
815,-0.34,0.49,0.53,0.4133333,-1.597778,0.4377778,41.1875,23.75,-30.5,-8.375,-4.0,318.375,0,0,0.3683212
830,-0.4,0.26,0.4,0.3133333,-1.621111,0.4766666,41.1875,23.75,-30.5,-6.5625,-4.3125,317.875,0,0,0.3786192
841,-0.25,-0.3,-0.39,0.1755556,-1.633333,0.5233333,36.5625,22.25,-34.375,-5.6875,-4.4375,317.625,0,0,0.3838174
852,-0.75,-0.46,-0.41,0.1855556,-1.581111,0.5311111,36.5625,22.25,-34.375,-4.8125,-4.5625,317.375,0,0,0.388
864,-1.15,-0.48,-0.35,0.2244444,-1.534444,0.5411111,36.5625,22.25,-34.375,-3.9375,-4.6875,317.125,0,0,0.3927311
879,-1.32,-0.39,-0.51,0.2588889,-1.507778,0.5655556,36.5625,22.25,-34.375,-2.25,-5.0625,316.5625,0,0,0.392204
891,-1.64,-0.4,-1.03,0.2333333,-1.451111,0.6177778,30.75,21.6875,-36.75,-1.4375,-5.1875,316.3125,0,0,0.39802
903,-1.79,-0.65,-1.21,0.1777778,-1.405556,0.64,30.75,21.6875,-36.75,-0.625,-5.25,316.0,0,0,0.3953712
918,-1.82,-0.82,-1.54,0.1322222,-1.35,0.6466666,30.75,21.6875,-36.75,0.8125,-5.375,315.3125,0,0,0.3927311
929,-2.26,-1.6,-1.74,0.1277778,-1.184444,0.65,30.75,21.6875,-36.75,1.4375,-5.4375,315.0,0,0,0.3781011
940,-2.4,-1.47,-1.93,0.1777778,-1.096667,0.65,25.75,22.0,-41.0625,2.0625,-5.5625,314.6875,0,0,0.385906
957,-2.76,-1.71,-2.13,0.1611111,-0.9966667,0.6466666,25.75,22.0,-41.0625,2.6875,-5.625,314.375,0,0,0.3812141
968,-2.87,-1.82,-2.41,0.02666667,-0.7988889,0.6177778,25.75,22.0,-41.0625,3.625,-5.6875,313.75,0,0,0.3927311
979,-3.58,-2.45,-2.32,-0.07888889,-0.6733334,0.5733333,25.75,22.0,-41.0625,4.0625,-5.625,313.4375,0,0,0.3869524
990,-4.27,-2.36,-1.86,-0.1511111,-0.5388889,0.5222222,23.75,22.375,-42.5,4.375,-5.5,313.1875,0,0,0.3900993
1001,-4.32,-1.91,-2.14,-0.1511111,-0.4522223,0.4788889,23.75,22.375,-42.5,4.625,-5.375,312.9375,0,0,0.4135521
1016,-4.14,-1.53,-2.8,-0.1966667,-0.3833333,0.4377778,23.75,22.375,-42.5,5.0625,-5.0625,312.5,0,0,0.4255319
1027,-3.89,-1.15,-3.54,-0.4855556,-0.12,0.3366667,23.75,22.375,-42.5,5.125,-4.8125,312.3125,0,0,0.423341
1038,-4.0,-1.17,-3.45,-0.6433333,0.05333333,0.2611111,20.5625,23.75,-45.0625,5.125,-4.4375,312.1875,0,0,0.4222477
1049,-4.79,-1.73,-3.01,-0.7044445,0.2133333,0.17,20.5625,23.75,-45.0625,5.0,-4.0625,312.125,0,0,0.4238882
1065,-4.45,-1.21,-3.68,-0.6066667,0.3377778,0.08111111,20.5625,23.75,-45.0625,4.5625,-3.4375,312.125,0,0,0.4421488
1076,-4.3,-0.61,-4.0,-0.4244444,0.6477778,-0.1477778,20.5625,23.75,-45.0625,4.1875,-3.1875,312.1875,0,0,0.4427084
1087,-4.56,0.64,-4.18,-0.4,0.81,-0.2411111,21.5,25.375,-45.6875,3.75,-3.0,312.3125,0,0,0.4636759
1098,-4.68,0.82,-4.03,-0.3877778,0.9599999,-0.3144444,21.5,25.375,-45.6875,3.1875,-2.8125,312.4375,0,0,0.7542091
1109,-5.16,0.65,-3.37,-0.3933333,1.096667,-0.3822222,21.5,25.375,-45.6875,2.625,-2.5625,312.6875,0,0,1.949219
1124,2.85,-4.09,1.89,-0.2944444,1.173333,-0.4333333,21.5,25.375,-45.6875,1.1875,-2.625,313.125,0,0,3.873875
1135,4.73,8.75,4.3,0.5211111,1.47,-0.6433333,21.75,27.875,-44.875,0.375,-2.875,313.5,0,0,4.514359
1146,7.51,4.08,-8.63,-0.57,1.866667,-0.7722222,21.75,27.875,-44.875,-0.625,-2.5625,313.875,0,0,4.917169
1157,-3.1,1.15,1.93,-0.7088889,2.626667,-0.8111111,21.75,27.875,-44.875,-2.0625,-2.1875,314.3125,0,0,5.245876
1168,-8.55,0.25,5.93,-0.5833333,3.068889,-0.4633333,21.75,27.875,-44.875,-3.75,-1.875,314.5,0,0,5.584113
1180,-9.73,-1.97,5.9,-0.2333333,2.804445,0.07444444,21.75,27.875,-44.875,-5.25,-1.75,314.4375,0,0,5.820096
1191,-1.85,-6.02,2.74,0.08333334,2.288889,0.3288889,25.5,29.1875,-45.5625,-6.5,-1.8125,314.25,0,0,6.136364
1204,0.13,-6.74,0.52,0.1933333,1.951111,0.1688889,25.5,29.1875,-45.5625,-8.5625,-2.125,314.25,0,0,6.624999
1215,-3.49,2.41,1.72,0.6144444,1.776667,-0.6333333,25.5,29.1875,-45.5625,-9.5625,-2.4375,314.625,0,0,7.168998
1226,-2.31,5.28,0.45,0.6566667,1.548889,-0.7044445,25.5,29.1875,-45.5625,-10.4375,-2.6875,315.0,0,0,7.761883
1238,-1.93,6.44,-0.26,0.5177778,1.398889,-0.5444445,32.875,30.25,-42.1875,-11.1875,-2.9375,315.3125,0,0,8.353662
1252,-1.19,5.53,-0.68,0.23,1.338889,-0.25,32.875,30.25,-42.1875,-12.625,-3.0,315.4375,0,0,8.926443
1263,-0.37,-0.35,-0.35,-0.1533333,1.386667,0.05888889,32.875,30.25,-42.1875,-13.375,-2.9375,315.375,0,0,9.325934
1274,-1.75,-1.96,1.4,-0.07666667,1.365556,-0.04555555,32.875,30.25,-42.1875,-14.125,-2.9375,315.375,0,0,9.853583
1286,-1.18,1.54,0.29,0.01555556,1.28,-0.1655555,36.75,31.25,-40.1875,-14.875,-2.9375,315.4375,0,0,10.41002
1301,-0.51,1.93,-0.41,-0.003333333,1.205556,-0.1777778,36.75,31.25,-40.1875,-16.1875,-2.8125,315.5625,0,0,11.14407
1312,-1.21,1.06,0.24,-0.22,1.162222,-0.09777778,36.75,31.25,-40.1875,-16.8125,-2.6875,315.625,0,0,11.94265
1323,-0.89,-0.43,0.26,-0.2355556,1.056667,-0.1088889,36.75,31.25,-40.1875,-17.375,-2.5625,315.625,0,0,0.02688599
1334,-0.9,-0.01,0.38,-0.1277778,1.018889,-0.07555556,39.6875,31.25,-39.5625,-17.9375,-2.5,315.625,0,0,2.001908
1350,-0.75,-0.72,0.48,-0.04444445,1.004444,0.01777778,39.6875,31.25,-39.5625,-19.0,-2.5,315.5625,0,0,3.480371
1361,-3.7,-3.09,3.39,0.2966666,0.86,0.1622222,39.6875,31.25,-39.5625,-19.5,-2.75,315.4375,0,0,5.2045
1372,-0.98,-1.18,1.15,0.4866667,0.6133333,0.1455556,39.6875,31.25,-39.5625,-19.8125,-3.0,315.4375,0,0,5.462952
1385,-1.6,2.11,0.4,0.7233334,0.5466667,0.09666666,41.0,32.0,-37.5625,-20.125,-3.4375,315.4375,0,0,5.462952
1400,3.42,-0.56,-2.86,0.3744445,0.1488889,0.1822222,41.0,32.0,-37.5625,-20.3125,-3.8125,315.3125,0,0,6.529533
1412,-1.61,3.18,0.37,0.3,0.2955556,0.01333333,41.0,32.0,-37.5625,-20.4375,-4.0,315.3125,0,0,5.989604
1423,0.59,0.93,-1.11,-0.1955556,0.1966667,0.01222222,41.0,32.0,-37.5625,-20.5625,-3.875,315.3125,0,0,6.393298
1434,-0.65,1.38,0.21,-0.2244444,0.26,-0.08333334,42.25,31.6875,-36.5625,-20.75,-3.75,315.3125,0,0,5.989604
1449,-0.54,0.52,0.18,-0.3411111,0.2588889,-0.1211111,42.25,31.6875,-36.5625,-21.0,-3.3125,315.375,0,0,4.447774
1461,-0.51,-0.17,0.42,-0.31,0.2255556,-0.11,42.25,31.6875,-36.5625,-21.125,-3.125,315.375,0,0,3.480371
1472,-0.32,-0.91,0.6,-0.2566667,0.2155555,-0.06444445,42.25,31.6875,-36.5625,-21.25,-2.9375,315.375,0,0,2.333317
1483,-0.45,-1.22,0.7,-0.1877778,0.2133333,-0.02,43.5625,31.25,-36.1875,-21.375,-2.8125,315.375,0,0,0.8333415
1498,-0.21,-0.37,0.11,-0.02888889,0.2055556,0.01111111,43.5625,31.25,-36.1875,-21.5625,-2.875,315.3125,0,0,12.2204
1509,-0.26,-0.4,0.07,0.06111111,0.2022222,0.06777778,43.5625,31.25,-36.1875,-21.6875,-2.875,315.3125,0,0,11.90875
1521,-0.03,0.47,-0.28,0.08444444,0.1922222,0.07,43.5625,31.25,-36.1875,-21.8125,-3.0,315.25,0,0,11.35776
1532,-0.22,0.56,-0.16,0.02777778,0.1844444,0.05333333,44.25,32.0625,-35.5,-21.875,-3.0,315.25,0,0,11.02517
1547,-0.34,0.44,-0.07,-0.02888889,0.1788889,0.03111111,44.25,32.0625,-35.5,-22.0625,-2.9375,315.1875,0,0,10.68182
1558,-0.18,0.29,-0.16,-0.1,0.1366667,-0.003333333,44.25,32.0625,-35.5,-22.125,-2.875,315.1875,0,0,10.46338
1569,-0.16,0.26,-0.11,-0.1211111,0.1077778,-0.01555556,44.25,32.0625,-35.5,-22.1875,-2.8125,315.1875,0,0.006751781,10.20134
1581,-0.17,0.17,-0.14,-0.1477778,0.1,-0.02666667,43.875,31.75,-35.5625,-22.25,-2.75,315.1875,0,0.03193088,9.687498
1593,0.0,0.11,-0.12,-0.1688889,0.1033333,-0.03222222,43.875,31.75,-35.5625,-22.3125,-2.6875,315.1875,0,0.06149116,9.39189
1607,-0.03,0.06,-0.11,-0.1888889,0.12,-0.04333333,43.875,31.75,-35.5625,-22.4375,-2.4375,315.1875,0,0.0931514,9.153967
1618,0.01,0.06,-0.02,-0.2044444,0.1288889,-0.09111111,43.875,31.75,-35.5625,-22.5625,-2.3125,315.1875,0,0.1271186,8.946716
1630,0.01,0.59,-0.09,-0.1066667,0.1188889,-0.18,44.6875,32.875,-35.1875,-22.625,-2.25,315.3125,0,0.2083333,8.806481
1645,0.06,0.56,-0.07,-0.02222222,0.1188889,-0.2555556,44.6875,32.875,-35.1875,-22.75,-2.125,315.5625,0,0.2653197,8.37171
1656,-0.64,0.85,-0.63,-0.08888889,0.1122222,-0.2166667,44.6875,32.875,-35.1875,-22.8125,-2.0,315.6875,0,0.288086,7.956388
1667,0.26,-0.45,0.19,-0.07777778,0.1022222,-0.1522222,44.6875,32.875,-35.1875,-22.875,-1.9375,315.75,0,0.3086937,7.575432
1679,-0.31,-0.66,0.29,0.01666667,0.15,-0.1266667,44.5625,32.875,-35.25,-23.0,-1.9375,315.8125,0.04752852,0.3596698,7.113969
1694,-0.26,-0.23,0.02,0.01111111,0.1666667,-0.07555556,44.5625,32.875,-35.25,-23.125,-1.9375,315.9375,0.06655092,0.3838174,6.773122
1705,-0.36,0.05,-0.03,0.07777778,0.1577778,-0.03888889,44.5625,32.875,-35.25,-23.25,-1.9375,315.9375,0.0792002,0.3953712,6.58882
1716,-0.25,-0.15,-0.07,0.04333333,0.1366667,-0.03111111,44.5625,32.875,-35.25,-23.3125,-2.0,315.9375,0.0931514,0.4421488,6.322114
1728,-0.32,0.01,0.02,0.06222222,0.1222222,-0.04,46.6875,33.1875,-34.875,-23.375,-2.0,316.0,0.1157284,0.452278,6.052068
1743,-0.21,-0.15,0.02,0.03666667,0.1066667,-0.03222222,46.6875,33.1875,-34.875,-23.5,-2.0625,316.0,0.1375712,0.5523767,5.449934
1754,-0.15,-0.04,-0.08,0.05444445,0.1066667,-0.02666667,46.6875,33.1875,-34.875,-23.5625,-2.0625,316.0625,0.154321,0.6291299,5.116606
1765,-0.01,-0.12,-0.03,0.05,0.1244444,-0.02111111,46.6875,33.1875,-34.875,-23.625,-2.0625,316.0625,0.15625,0.7432827,4.633621
1780,-0.05,-0.12,0.0,0.08111111,0.1455556,-0.01777778,44.875,32.875,-35.0,-23.8125,-2.1875,316.125,0.1919014,0.8980276,3.710029
1791,0.04,0.05,0.0,0.1022222,0.1988889,-0.01888889,44.875,32.875,-35.0,-23.9375,-2.25,316.125,0.2091648,0.9755435,3.143777
1802,0.0,0.13,-0.02,0.09222222,0.2311111,-0.02888889,44.875,32.875,-35.0,-24.0625,-2.25,316.125,0.2393075,1.078822,2.416727
1813,0.04,-0.05,0.04,0.08777779,0.2666667,-0.02666667,44.875,32.875,-35.0,-24.1875,-2.3125,316.1875,0.2913279,1.224021,1.875
1825,0.03,-0.1,0.08,0.09888888,0.3,-0.02,47.375,33.1875,-33.5,-24.375,-2.375,316.1875,0.3511104,1.357616,1.449763
1839,0.01,-0.15,0.12,0.1122222,0.3377778,0.001111111,47.375,33.1875,-33.5,-24.75,-2.5,316.1875,0.5144778,1.570248,1.076705
1852,0.34,0.2,0.07,0.08,0.4544445,0.03444445,47.375,33.1875,-33.5,-24.9375,-2.5625,316.1875,0.625,1.671661,0.8634394
1863,0.27,-0.09,0.14,0.03666667,0.52,0.02777778,47.375,33.1875,-33.5,-25.1875,-2.625,316.1875,0.6678533,1.786032,0.7097053
1874,0.31,-0.03,0.12,-0.004444445,0.5833333,0.03666667,46.25,32.5,-33.5,-25.5,-2.625,316.125,0.7652559,1.892265,0.5397727
1888,0.36,0.07,0.24,-0.01333333,0.6555555,0.05111111,46.25,32.5,-33.5,-26.1875,-2.625,316.0625,0.8512932,1.971366,0.3511104
1899,0.08,0.03,0.11,-0.04888889,0.8155556,0.05666667,46.25,32.5,-33.5,-26.625,-2.625,316.0,0.9007353,2.029148,0.2502198
1910,0.24,0.03,0.18,-0.04333333,0.9133333,0.03777778,46.25,32.5,-33.5,-27.125,-2.625,315.9375,0.8971267,1.98562,0.2070879
1921,0.09,-0.03,0.11,-0.04222222,0.9888888,0.04555555,47.6875,33.5625,-33.0625,-27.625,-2.625,315.9375,0.907989,1.907773,0.1870438
1936,0.51,-0.09,0.69,-0.06222222,1.092222,0.06333333,47.6875,33.5625,-33.0625,-28.875,-2.6875,315.8125,0.673619,1.574917,0.01108648
1947,0.59,0.03,0.39,0.08,1.401111,0.1,47.6875,33.5625,-33.0625,-29.625,-2.75,315.75,0.4354626,1.149789,0
1958,1.74,-0.26,1.81,0.1277778,1.6,0.1644444,47.6875,33.5625,-33.0625,-30.5,-2.9375,315.625,0.2234456,0.7934132,0
1969,1.21,0.03,1.54,0.2377778,1.83,0.23,49.1875,33.1875,-31.25,-31.5,-3.1875,315.5625,0.0679068,0.3708835,0
1985,0.5,-0.67,2.67,0.3133333,2.222222,0.2433333,49.1875,33.1875,-31.25,-34.125,-4.0,315.375,0,0.122687,0
1996,2.15,1.0,3.63,0.7922222,2.997778,0.09777778,49.1875,33.1875,-31.25,-35.75,-4.5625,315.4375,0,0.03838409,0
2007,2.73,3.37,1.78,0.73,3.213333,-0.06888889,49.1875,33.1875,-31.25,-37.5,-5.0,315.5,0,0.02110753,0
2018,-1.06,0.13,3.44,0.3122222,3.77,-0.3522222,51.6875,33.1875,-27.0625,-39.5625,-5.1875,315.6875,0,0.01701733,0
2029,4.22,1.68,3.85,0.3777778,4.241111,-0.5288889,51.6875,33.1875,-27.0625,-41.875,-5.3125,315.9375,0,0,0
2044,0.02,1.82,3.52,0.27,4.454444,-0.7477777,51.6875,33.1875,-27.0625,-46.8125,-5.0,316.875,0,0.0104654,0.08998692
2055,2.08,0.02,3.9,0.4977778,4.394444,-1.405556,51.6875,33.1875,-27.0625,-49.25,-4.625,317.6875,0,0.006134969,0.1455153
2066,-5.9,2.43,14.94,1.168889,3.916667,-1.753333,55.375,34.0,-18.5625,-51.5,-4.3125,318.875,0,0,0.1818182
2077,5.56,3.25,15.64,1.391111,3.165555,-1.967778,55.375,34.0,-18.5625,-53.25,-3.875,320.25,0,0,0.1443748
2088,1.5,10.19,18.86,1.073333,1.935556,-2.063333,55.375,34.0,-18.5625,-54.375,-3.0,321.6875,0,0,0.120849
2104,7.19,9.39,11.0,0.2188889,0.8844444,-1.69,55.375,34.0,-18.5625,-54.9375,-0.8125,323.1875,0,0,0.04555809
2115,8.86,9.44,5.95,-0.3766667,-0.3188889,-0.6333333,59.0,37.1875,-9.5625,-54.75,-0.0625,323.4375,0,0,0.02872846
2126,7.51,7.32,4.82,-0.6222222,-0.4011111,-0.09444445,59.0,37.1875,-9.5625,-54.5625,0.25,323.3125,0,0,0.007678132
2137,7.92,5.18,4.96,-0.7933333,-0.6055555,0.37,59.0,37.1875,-9.5625,-54.1875,0.375,322.875,0,0,0.004595588
2153,8.79,2.96,4.18,-0.8022223,-0.8988889,0.7188889,59.0,37.1875,-9.5625,-53.125,0.0,321.625,0,0,0
2164,8.72,-0.41,3.28,-0.4644444,-1.294444,0.89,60.5,40.5,-8.0625,-52.375,-0.3125,321.0,0,0,0.003059975
2175,7.67,-1.06,4.01,-0.3755555,-1.475556,0.7822222,60.5,40.5,-8.0625,-51.5625,-0.6875,320.5,0,0,0.007678132
2186,6.64,-1.4,4.55,-0.2755556,-1.733333,0.6311111,60.5,40.5,-8.0625,-50.625,-0.9375,320.0625,0,0,0.009844943
2199,5.54,-0.56,4.56,-0.1677778,-2.054445,0.4777778,60.5,40.5,-8.0625,-49.5,-1.125,319.75,0,0,0.01264184
2211,5.1,0.09,3.95,-0.13,-2.356667,0.3611111,60.5,40.5,-8.0625,-48.25,-1.25,319.5625,0,0,0.01264184
2222,4.5,0.45,3.39,-0.2722222,-2.753333,0.3433333,61.5625,36.75,-8.1875,-45.3125,-1.3125,319.125,0,0,0.01921646
2233,2.6,-0.1,2.47,-0.2744444,-2.825556,0.4455556,61.5625,36.75,-8.1875,-43.75,-1.3125,318.8125,0,0,0.0163904
2244,2.0,-0.23,2.53,-0.2111111,-2.864445,0.5577778,61.5625,36.75,-8.1875,-42.1875,-1.5,318.5,0,0,0.01795888
2255,1.55,-0.26,2.43,-0.1188889,-2.895555,0.6666667,61.5625,36.75,-8.1875,-40.625,-1.6875,318.125,0,0,0.01764487
2267,0.79,-0.16,2.37,-0.02555555,-2.931111,0.7444444,62.0625,32.5,-11.6875,-39.0,-2.0,317.75,0,0,0.02300423
2281,0.42,-0.18,2.21,0.03333333,-2.982222,0.7666667,62.0625,32.5,-11.6875,-35.6875,-2.5625,317.0,0,0,0.02237137
2292,-0.79,0.47,1.92,0.1444445,-3.08,0.72,62.0625,32.5,-11.6875,-34.0,-2.875,316.625,0,0,0.02617801
2303,-1.43,0.82,2.2,0.1933333,-3.11,0.7266667,62.0625,32.5,-11.6875,-32.3125,-3.1875,316.3125,0,0,0.02585992
2316,-2.12,0.71,2.42,0.2,-3.164444,0.7422223,62.5,26.6875,-17.1875,-30.5625,-3.4375,316.0,0,0,0.02237137
2330,-1.26,-0.47,0.83,0.1944444,-3.234444,0.7611112,62.5,26.6875,-17.1875,-27.0,-4.0,315.375,0,0,0.01984619
2341,-1.62,-0.68,0.25,0.3144444,-3.131111,0.6588889,62.5,26.6875,-17.1875,-25.25,-4.3125,315.125,0,0,0.01670379
2352,-1.57,-1.0,0.1,0.3388889,-3.036667,0.5544444,62.5,26.6875,-17.1875,-23.5625,-4.5625,314.875,0,0,0.01513841
2363,-2.49,-0.91,1.43,0.4011111,-2.941111,0.4455556,61.25,19.375,-25.0625,-22.0,-4.8125,314.75,0,0,0.01701733
2379,-3.37,-0.69,2.3,0.4822222,-2.893333,0.36,61.25,19.375,-25.0625,-18.75,-5.4375,314.625,0,0,0.01858736
2390,-3.43,0.45,1.48,0.5522223,-3.038889,0.33,61.25,19.375,-25.0625,-17.125,-5.75,314.5625,0,0,0.01921646
2401,-3.41,0.54,1.03,0.4844444,-3.093333,0.3644444,61.25,19.375,-25.0625,-15.4375,-6.0,314.5,0,0,0.02237137
2412,-3.55,0.41,0.86,0.4088889,-3.104445,0.4277778,56.375,13.5625,-29.75,-13.6875,-6.25,314.375,0,0,0.007678132
2426,-3.87,0.27,0.79,0.38,-3.094445,0.5155556,56.375,13.5625,-29.75,-12.0,-6.5,314.25,0,0,0.008915397
2438,-3.34,0.19,-0.48,0.3422222,-3.032222,0.6955556,56.375,13.5625,-29.75,-8.625,-6.9375,313.75,0,0,0
2449,-3.64,-0.54,-0.6,0.34,-2.923333,0.7466667,56.375,13.5625,-29.75,-7.0,-7.125,313.4375,0,0,0
2460,-3.93,-1.15,-0.61,0.3922222,-2.807778,0.77,49.0625,6.6875,-35.6875,-5.4375,-7.375,313.125,0,0,0
2471,-3.96,-0.88,-0.9700001,0.4833333,-2.673333,0.7477777,49.0625,6.6875,-35.6875,-3.9375,-7.6875,312.8125,0,0,0
2484,-3.95,-0.58,-1.65,0.5088889,-2.505556,0.6655555,49.0625,6.6875,-35.6875,-2.5,-7.9375,312.5625,0,0,0
2497,-4.15,-0.43,-1.72,0.3188889,-2.004444,0.3566667,49.0625,6.6875,-35.6875,-0.125,-8.375,312.25,0,0,0
2508,-8.89,-0.54,2.57,0.3366667,-1.854445,0.2644444,40.1875,1.5625,-41.0625,0.8125,-8.5625,312.1875,0,0,0
2519,-9.16,-0.23,2.11,0.42,-1.925556,0.2922222,40.1875,1.5625,-41.0625,1.875,-8.75,312.125,0,0,0
2530,-7.24,-1.61,-1.98,0.47,-1.972222,0.3922222,40.1875,1.5625,-41.0625,3.0,-9.0,312.0,0,0,0
2543,-6.56,-2.56,-3.77,0.5033333,-1.844444,0.5144444,40.1875,1.5625,-41.0625,4.0,-9.3125,311.75,0,0,0
2555,-6.2,-2.03,-5.37,0.5655556,-1.527778,0.5344444,40.1875,1.5625,-41.0625,4.875,-9.5625,311.5625,0,0,0
2566,-5.89,-2.28,-7.36,0.3833333,-1.094444,0.4044445,32.75,-2.375,-44.0625,5.875,-9.8125,311.3125,0,0,0
2577,-6.67,-4.18,-6.98,-0.23,-0.08222222,-0.1444445,32.75,-2.375,-44.0625,5.875,-9.6875,311.375,0,0,0
2588,-9.8,-4.81,-3.63,-0.1888889,0.3766667,-0.4388889,32.75,-2.375,-44.0625,5.625,-9.5625,311.625,0,0,0
2599,-13.65,-3.23,0.16,0.04444445,0.4888889,-0.6233334,32.75,-2.375,-44.0625,5.3125,-9.625,311.9375,0,0,0
2611,-12.85,-2.3,-1.26,0.1833333,0.3266666,-0.6744444,25.375,-3.5625,-47.25,5.0625,-9.75,312.25,0,0,0
2625,-11.13,-1.59,-3.87,0.1466667,0.21,-0.6433333,25.375,-3.5625,-47.25,4.6875,-9.875,312.9375,0,0,0
2636,-9.12,-1.8,-7.16,-0.4088889,0.6633334,-0.5555556,25.375,-3.5625,-47.25,4.25,-9.625,313.1875,0,0,0
2647,-9.39,-2.34,-6.44,-0.6155556,1.005556,-0.4988889,25.375,-3.5625,-47.25,3.6875,-9.3125,313.4375,0,0,0
2658,-8.93,-2.01,-6.2,-0.6411111,1.282222,-0.4155556,24.6875,-3.5625,-46.875,2.9375,-9.0,313.625,0,0,0.155092
2674,-8.29,-0.32,-5.56,-0.6277778,1.518889,-0.2966666,24.6875,-3.5625,-46.875,1.1875,-8.25,313.75,0,0,1.886489
2685,7.08,1.67,5.95,-0.06555556,2.057778,-0.2711111,24.6875,-3.5625,-46.875,0.0625,-8.1875,313.8125,0,0,3.236196
2696,9.89,9.38,-9.33,-0.04666667,2.168889,-0.7677778,24.6875,-3.5625,-46.875,-1.125,-8.1875,314.125,0,0,4.236335
2707,6.37,4.51,-17.42,-2.213333,2.772222,-1.188889,27.0,-0.5625,-46.6875,-2.6875,-6.9375,314.6875,0,0,5.287356
2723,-5.49,-0.08,1.5,-2.411111,3.786667,-1.112222,27.0,-0.5625,-46.6875,-6.875,-4.9375,315.125,0,0,7.100327
2734,-8.46,-4.52,7.51,-0.8011111,3.001111,0.4766666,27.0,-0.5625,-46.6875,-8.5,-4.5625,314.75,0,0,7.890624
2745,-0.84,-10.12,4.49,-0.9911111,2.236667,0.5088889,27.0,-0.5625,-46.6875,-9.6875,-4.0625,314.375,0,0,8.650867
2756,0.56,-12.89,1.33,-0.6222222,2.083333,0.1644444,32.6875,2.0,-47.0,-10.8125,-3.75,314.25,0,0,9.503673
2768,-3.58,-3.0,3.3,0.3222222,2.141111,-0.2888889,32.6875,2.0,-47.0,-12.0,-3.9375,314.375,0,0,10.68182
2782,-2.55,1.97,0.43,0.7188889,1.952222,-0.4488889,32.6875,2.0,-47.0,-14.0625,-4.625,314.875,0,0,12.29166
2795,-2.62,3.09,0.21,0.3388889,1.795556,-0.1677778,32.6875,2.0,-47.0,-15.0625,-4.8125,314.9375,0,0,3.013566
2806,-3.79,0.0,2.23,-0.06555556,1.736667,0.01777778,37.875,3.75,-42.0,-16.0,-4.8125,314.875,0,0,4.949198
2822,-4.46,-0.9,3.06,-0.09111111,1.572222,-0.002222222,37.875,3.75,-42.0,-17.5625,-4.75,314.8125,0,0,6.529533
2833,-2.7,-0.2,2.02,-0.05555556,1.182222,-0.05111111,37.875,3.75,-42.0,-18.25,-4.75,314.8125,0,0,7.508069
2845,-2.43,-0.7,1.77,-0.1111111,1.051111,-0.04666667,37.875,3.75,-42.0,-18.8125,-4.6875,314.8125,0,0,7.651518
2856,-1.89,0.19,1.51,-0.09,0.9211111,-0.07555556,40.75,4.5,-39.25,-19.3125,-4.625,314.8125,0,0,8.682158
2871,-4.73,1.37,2.75,-0.1144444,0.7911111,-0.1622222,40.75,4.5,-39.25,-19.9375,-4.25,314.875,0,0,7.651518
2882,-0.64,-0.61,0.2,-0.4411111,0.3577778,-0.1088889,40.75,4.5,-39.25,-20.125,-4.0,314.875,0,0,8.682158
2893,-2.41,1.59,1.41,-0.2055556,0.3477778,-0.1688889,40.75,4.5,-39.25,-20.3125,-3.8125,314.9375,0,0,8.087443
2905,-0.02,-0.95,0.15,-0.4722222,0.2244444,-0.08111111,42.5625,4.875,-37.1875,-20.4375,-3.5625,314.9375,0,0,7.651518
2920,-1.04,-0.56,0.88,-0.3266666,0.25,-0.08555555,42.5625,4.875,-37.1875,-20.6875,-3.25,314.9375,0,0,7.508069
2931,-0.48,-0.75,0.37,-0.1677778,0.1822222,-0.007777778,42.5625,4.875,-37.1875,-20.8125,-3.1875,314.9375,0,0,6.257869
2942,-0.65,-0.1,0.42,0.003333333,0.18,0.003333333,42.5625,4.875,-37.1875,-20.875,-3.1875,314.9375,0,0,6.257869
2954,-0.5,-0.04,0.2,0.01111111,0.1533333,0.02222222,45.0625,5.5625,-37.75,-20.9375,-3.1875,314.9375,0,0,4.447774
2969,-0.44,0.14,0.05,0.01666667,0.13,0.03111111,45.0625,5.5625,-37.75,-21.0625,-3.25,314.875,0,0,4.324341
2980,-0.08,0.4,-0.38,-0.01111111,0.09888888,0.01111111,45.0625,5.5625,-37.75,-21.125,-3.25,314.875,0,0,3.362667
2991,-0.08,0.5,-0.37,-0.06444445,0.1055556,-0.01666667,45.0625,5.5625,-37.75,-21.1875,-3.1875,314.875,0,0,2.111735
3002,0.04,0.33,-0.41,-0.1288889,0.1133333,-0.03333333,43.1875,5.875,-37.0625,-21.25,-3.125,314.875,0,0,1.676046
3018,0.04,0.45,-0.41,-0.17,0.1244444,-0.06555556,43.1875,5.875,-37.0625,-21.4375,-2.875,314.9375,0,0,0.7305847
3029,-0.28,0.12,0.0,-0.2955556,0.13,-0.1222222,43.1875,5.875,-37.0625,-21.5,-2.6875,314.9375,0,0,12.47319
3040,-0.13,0.32,-0.17,-0.2988889,0.1,-0.1588889,43.1875,5.875,-37.0625,-21.5625,-2.5,315.0,0,0,12.18503
3051,-0.09,0.58,-0.17,-0.2688889,0.08111111,-0.1877778,43.1875,4.75,-37.0,-21.625,-2.375,315.0625,0,0,11.94265
3062,-0.28,0.11,0.08,-0.2722222,0.08222222,-0.1833333,43.1875,4.75,-37.0,-21.6875,-2.1875,315.125,0,0,11.84143
3077,-0.04,-0.11,-0.21,-0.2388889,0.07777778,-0.1888889,43.1875,4.75,-37.0,-21.75,-1.875,315.3125,0,0.01295337,11.42017
3088,-0.02,0.1,-0.03,-0.1411111,0.1088889,-0.2233333,43.1875,4.75,-37.0,-21.8125,-1.75,315.4375,0,0.04490261,11.17416
3099,-0.25,-0.66,0.18,-0.1411111,0.1288889,-0.2066667,45.0,5.375,-36.875,-21.875,-1.625,315.5,0,0.04884547,10.93751
3110,-0.63,-0.81,0.4,-0.1166667,0.1533333,-0.15,45.0,5.375,-36.875,-22.0,-1.5625,315.625,0,0.05314409,10.68182
3126,-0.24,-0.38,0.04,-0.01111111,0.1488889,-0.1222222,45.0,5.375,-36.875,-22.1875,-1.5,315.75,0,0.0903378,10.07467
3137,-0.28,0.03,-0.04,0.06444445,0.14,-0.08111111,45.0,5.375,-36.875,-22.25,-1.5625,315.75,0,0.1081189,9.853583
3148,-0.5,0.0,0.12,0.05444445,0.1388889,-0.07888889,44.0625,7.25,-36.0,-22.3125,-1.5625,315.8125,0,0.1260081,9.503673
3159,-0.32,0.02,-0.01,0.04444445,0.1088889,-0.07888889,44.0625,7.25,-36.0,-22.375,-1.5625,315.875,0,0.1512456,9.304125
3171,-0.31,-0.22,-0.05,0.03888889,0.1011111,-0.06666667,44.0625,7.25,-36.0,-22.4375,-1.5625,315.9375,0,0.1691156,8.967064
3185,-0.13,-0.23,0.0,0.04777778,0.09444445,-0.04777778,44.0625,7.25,-36.0,-22.5625,-1.625,315.9375,0,0.2070879,8.444605
3196,-0.13,-0.22,0.01,0.07,0.1044444,-0.03333333,44.875,6.875,-36.375,-22.625,-1.625,316.0,0,0.2375763,8.090788
3207,-0.13,-0.03,-0.05,0.09888888,0.1366667,-0.03444445,44.875,6.875,-36.375,-22.6875,-1.6875,316.0,0,0.2604013,7.575432
3218,-0.01,-0.06,-0.16,0.08333334,0.1388889,-0.03555556,44.875,6.875,-36.375,-22.75,-1.75,316.0625,0.009844943,0.2945836,7.086726
3234,-0.02,-0.02,-0.11,0.09666666,0.1611111,-0.04222222,44.875,6.875,-36.375,-22.9375,-1.8125,316.125,0.04555809,0.3471139,6.052068
3245,-0.06,0.11,-0.07,0.1088889,0.1888889,-0.05222222,45.1875,6.5,-36.375,-23.0625,-1.875,316.1875,0.07096774,0.3885243,5.449934
3256,-0.12,0.22,-0.01,0.1011111,0.2022222,-0.06777778,45.1875,6.5,-36.375,-23.1875,-1.9375,316.1875,0.1063196,0.457958,4.729848
3270,-0.08,0.07,-0.29,0.09333333,0.21,-0.07333333,45.1875,6.5,-36.375,-23.3125,-2.0,316.25,0.1326985,0.5729167,3.96789
3285,0.0,-0.13,-0.05,0.08333334,0.2622222,-0.07888889,45.1875,6.5,-36.375,-23.5625,-2.0,316.375,0.15625,0.6948138,3.029891
3296,-0.03,-0.09,0.04,0.1033333,0.2933333,-0.06777778,46.25,5.75,-35.5625,-23.75,-2.0625,316.375,0.207918,0.7844794,2.459239
3307,-0.06,-0.06,0.0,0.1088889,0.3177778,-0.04888889,46.25,5.75,-35.5625,-23.9375,-2.125,316.4375,0.2550721,0.8774938,2.022858
3318,0.02,0.06,-0.17,0.1066667,0.34,-0.03,46.25,5.75,-35.5625,-24.125,-2.1875,316.4375,0.3053783,1.055743,1.574917
3333,0.04,0.21,-0.14,0.08555555,0.3744445,-0.03333333,46.25,5.75,-35.5625,-24.5,-2.25,316.5,0.5248787,1.29791,1.199163
3344,0.06,-0.18,0.06,0.001111111,0.4522223,-0.02444444,45.5625,7.5625,-34.375,-24.75,-2.1875,316.5,0.6430288,1.444079,0.9516129
3355,0.25,-0.28,0.18,0.01666667,0.5266666,0.01444444,45.5625,7.5625,-34.375,-25.0625,-2.25,316.5,0.6940752,1.521386,0.7581405
3366,0.41,-0.21,0.13,0.02111111,0.61,0.05333333,45.5625,7.5625,-34.375,-25.375,-2.25,316.5,0.8106884,1.585873,0.6012659
3382,0.38,-0.15,0.27,0.001111111,0.7055555,0.09222222,45.5625,7.5625,-34.375,-26.1875,-2.3125,316.375,0.9784501,1.75926,0.257288
3393,0.48,0.0,0.22,-0.04666667,0.91,0.1411111,48.1875,6.5,-34.5,-26.625,-2.3125,316.25,1.030067,1.75926,0.2183735
3404,0.58,-0.26,0.61,-0.06222222,1.032222,0.1755556,48.1875,6.5,-34.5,-27.125,-2.3125,316.125,1.059905,1.637056,0.1770282
3415,0.54,0.14,0.16,-0.03555556,1.182222,0.2144444,48.1875,6.5,-34.5,-27.6875,-2.375,316.0,1.045403,1.547131,0
3431,1.47,0.15,1.08,0.01777778,1.381111,0.2311111,48.1875,6.5,-34.5,-29.25,-2.5625,315.6875,0.7652559,1.052632,0
3442,1.74,0.46,0.88,0.02777778,1.841111,0.2955556,48.875,7.25,-32.875,-30.25,-2.75,315.5,0.5047994,0.7620873,0
3453,1.07,0.48,1.65,0.11,2.176667,0.2566667,48.875,7.25,-32.875,-31.4375,-2.875,315.375,0.2729842,0.4705883,0
3464,4.05,1.95,2.36,0.1322222,2.468889,0.22,48.875,7.25,-32.875,-32.8125,-3.125,315.25,0.0767885,0.221751,0
3475,9.71,2.07,2.44,0.1055556,2.644444,0.1688889,48.875,7.25,-32.875,-34.1875,-3.25,315.125,0,0.0816207,0
3487,-10.23,-2.98,-1.92,-0.01888889,2.885555,0.006666667,48.875,7.25,-32.875,-35.8125,-3.3125,315.0625,0,0.003673769,0
3498,2.25,2.49,5.44,0.6488889,3.964444,-0.19,50.375,6.5,-27.875,-37.9375,-3.6875,315.25,0,0,0
3511,0.67,1.12,3.3,0.3022222,4.325555,-0.4266667,50.375,6.5,-27.875,-42.8125,-3.5625,315.6875,0,0,0
3522,0.59,0.9599999,3.3,-0.1644444,4.704444,-0.8411111,50.375,6.5,-27.875,-45.375,-3.1875,316.0625,0,0,0
3533,0.34,0.45,4.14,-0.006666667,4.73,-1.074444,50.375,6.5,-27.875,-48.0,-2.6875,316.625,0,0,0
3548,0.88,-0.52,7.88,1.05,3.783333,-1.517778,53.5625,6.875,-21.375,-52.5625,-1.875,318.375,0,0,0
3559,2.61,4.56,10.34,1.171111,2.785556,-1.912222,53.5625,6.875,-21.375,-54.125,-1.125,319.75,0,0,0
3570,1.87,7.8,10.55,0.8444445,2.253333,-1.956667,53.5625,6.875,-21.375,-55.375,-0.125,321.0625,0,0,0
3581,6.78,10.25,15.46,0.7177778,1.454444,-1.49,53.5625,6.875,-21.375,-56.125,0.625,322.0625,0,0,0
3592,6.63,8.45,9.59,0.1266667,0.3966667,-0.9211111,57.875,9.0,-9.5,-56.375,1.3125,322.625,0,0,0
3606,9.32,9.45,5.41,0.003333333,-0.1677778,-0.4044445,57.875,9.0,-9.5,-56.0,1.6875,322.6875,0,0,0
3617,7.79,5.68,5.75,-0.5255556,-0.6944444,0.4922222,57.875,9.0,-9.5,-55.6875,1.5625,322.25,0,0,0
3628,7.49,3.32,5.68,-0.5977778,-1.086667,0.7544444,57.875,9.0,-9.5,-55.0625,1.3125,321.6875,0,0,0
3639,8.11,0.46,3.86,-0.5344444,-1.454444,0.8455555,60.0,13.375,-9.5625,-54.3125,0.9375,321.0625,0,0,0
3652,8.19,-0.16,2.91,-0.4211111,-1.728889,0.7766666,60.0,13.375,-9.5625,-53.375,0.5625,320.5,0,0,0
3665,7.71,-0.8,2.93,-0.1244444,-2.045556,0.5211111,60.0,13.375,-9.5625,-51.1875,0.0,319.75,0,0,0
3676,4.49,-0.03,4.41,0.0,-2.244444,0.4511111,60.0,13.375,-9.5625,-50.0,-0.3125,319.5625,0,0,0
3687,4.08,0.07,3.93,-0.006666667,-2.457778,0.3977778,58.1875,13.0625,-13.875,-48.625,-0.5,319.3125,0,0,0
3698,4.02,0.16,3.18,-0.04555555,-2.622222,0.3533333,58.1875,13.0625,-13.875,-47.25,-0.6875,319.125,0,0,0
3713,3.24,-0.15,2.73,-0.09666666,-2.711111,0.3077778,58.1875,13.0625,-13.875,-45.75,-0.8125,318.9375,0,0,0
3725,1.67,0.41,2.64,-0.03111111,-2.842222,0.2855556,58.1875,13.0625,-13.875,-42.6875,-1.0,318.625,0,0,0
3738,1.04,0.67,2.62,-0.004444445,-2.904445,0.3566667,57.25,13.0625,-19.6875,-41.0625,-1.125,318.4375,0,0,0
3753,0.66,0.78,2.59,0.01777778,-2.947778,0.4544445,57.25,13.0625,-19.6875,-37.875,-1.5,317.9375,0,0,0
3764,0.11,0.8,2.65,-0.02444444,-3.015556,0.5877778,57.25,13.0625,-19.6875,-36.1875,-1.6875,317.625,0,0,0
3775,-1.12,0.83,2.59,-0.06333333,-3.061111,0.6,57.25,13.0625,-19.6875,-34.5,-1.875,317.3125,0,0,0
3787,-0.9599999,0.59,1.93,-0.1244444,-3.117778,0.58,54.375,12.75,-28.0,-32.8125,-2.0,317.0,0,0,0
3802,-0.61,0.01,1.09,-0.1333333,-3.117778,0.5377778,54.375,12.75,-28.0,-29.4375,-2.1875,316.5,0,0,0
3813,-0.36,-0.09,0.02,0.1544444,-2.865556,0.4755556,54.375,12.75,-28.0,-27.875,-2.375,316.25,0,0,0
3824,-2.41,0.73,1.72,0.2244444,-2.768889,0.4588889,54.375,12.75,-28.0,-26.375,-2.5625,316.0625,0,0,0
3835,-3.39,0.38,2.56,0.2355556,-2.805556,0.4622222,49.6875,10.875,-36.5,-24.8125,-2.8125,315.875,0,0,0
3846,-3.29,0.23,2.03,0.2911111,-2.901111,0.4955555,49.6875,10.875,-36.5,-23.25,-3.0625,315.6875,0,0,0
3861,-3.3,0.61,1.37,0.3977778,-2.968889,0.5577778,49.6875,10.875,-36.5,-19.9375,-3.6875,315.25,0,0,0
3872,-3.3,1.01,0.84,0.3711111,-2.997778,0.7088889,49.6875,10.875,-36.5,-18.3125,-3.9375,314.9375,0,0,0
3883,-3.39,0.17,0.79,0.4111111,-2.954444,0.7777778,43.875,10.1875,-43.6875,-16.6875,-4.3125,314.625,0,0,0
3894,-4.06,0.36,1.25,0.4622222,-2.954444,0.8288889,43.875,10.1875,-43.6875,-15.0625,-4.625,314.25,0,0,0
3905,-3.81,0.35,0.82,0.4422222,-3.004444,0.8555555,43.875,10.1875,-43.6875,-13.375,-4.9375,313.875,0,0,0
3921,-3.83,-0.04,0.41,0.3811111,-3.043333,0.8422222,43.875,10.1875,-43.6875,-10.0,-5.5,313.1875,0,0,0
3932,-3.41,-1.02,-1.08,0.4177778,-2.935555,0.7622222,37.375,8.0,-47.5,-8.375,-5.75,312.875,0,0,0
3943,-3.25,-0.72,-1.89,0.4844444,-2.771111,0.7077778,37.375,8.0,-47.5,-6.8125,-6.0625,312.5625,0,0,0
3954,-3.42,-0.69,-2.02,0.4677778,-2.57,0.6311111,37.375,8.0,-47.5,-5.375,-6.3125,312.3125,0,0,0
3968,-3.92,-0.83,-1.61,0.4288889,-2.355556,0.5544444,37.375,8.0,-47.5,-4.0625,-6.5625,312.0625,0,0,0
3980,-4.64,-0.45,-1.02,0.3844444,-2.172222,0.4922222,37.375,8.0,-47.5,-1.75,-6.9375,311.75,0,0,0
3991,-5.32,-1.12,-0.78,0.1666667,-1.843333,0.3677778,29.5,7.25,-53.0,-0.75,-7.0,311.625,0,0,0
4002,-5.91,-1.58,-0.54,0.1755556,-1.688889,0.3355556,29.5,7.25,-53.0,0.125,-7.125,311.5,0,0,0
4013,-7.09,-1.88,-0.58,0.2644444,-1.557778,0.3155555,29.5,7.25,-53.0,1.0,-7.25,311.375,0,0,0
4024,-7.54,-1.9,-0.89,0.3533333,-1.444444,0.29,29.5,7.25,-53.0,1.8125,-7.4375,311.25,0,0,0
4036,-7.92,-2.24,-1.15,0.3944444,-1.342222,0.2355556,23.0625,6.1875,-56.5625,2.5625,-7.6875,311.125,0,0,0
4049,-9.11,-3.23,-1.11,0.4388889,-1.257778,0.15,23.0625,6.1875,-56.5625,3.875,-8.1875,311.125,0,0,0
4060,-8.8,-3.51,-3.54,0.4977778,-1.128889,-0.05444445,23.0625,6.1875,-56.5625,4.5,-8.4375,311.1875,0,0,0
4071,-7.71,-3.07,-7.23,0.4288889,-0.9166667,-0.1422222,23.0625,6.1875,-56.5625,5.0,-8.6875,311.3125,0,0,0
4082,-7.57,-2.91,-8.58,0.2388889,-0.5522223,-0.2133333,16.5625,6.75,-55.5625,5.25,-8.875,311.4375,0,0,0
4097,-7.94,-2.74,-9.22,-0.05111111,-0.07888889,-0.2722222,16.5625,6.75,-55.5625,5.0625,-8.625,311.75,0,0,0
4108,-9.08,-2.87,-8.35,-0.5711111,0.7422223,-0.2833333,16.5625,6.75,-55.5625,4.625,-8.375,311.875,0,0,0
4119,-11.7,-2.57,-4.41,-0.6955556,0.8966666,-0.22,16.5625,6.75,-55.5625,4.125,-8.0,312.0,0,0,0
4130,-11.18,-2.1,-4.45,-0.7611112,0.9777778,-0.1666667,15.375,6.75,-57.375,3.5625,-7.5625,312.0625,0,0,0.06587404
4141,-8.56,-1.29,-5.88,-0.8022223,1.086667,-0.1188889,15.375,6.75,-57.375,3.0,-7.125,312.0625,0,0,0.6514674
4157,-0.61,-7.98,-7.68,-0.8122223,1.443333,-0.1644444,15.375,6.75,-57.375,0.875,-6.625,312.375,0,0,2.616126
4168,8.31,8.99,5.37,-0.8822223,2.485556,-1.126667,15.375,6.75,-57.375,-0.5,-6.1875,312.9375,0,0,3.973215
4179,3.12,3.63,-12.34,-2.387778,2.896667,-1.313333,19.0625,9.0,-56.875,-2.125,-4.875,313.5625,0,0,5.172523
4190,-2.01,0.67,-1.54,-2.075556,3.55,-1.0,19.0625,9.0,-56.875,-4.0625,-3.6875,314.0,0,0,6.266519
4203,-10.81,-1.59,9.04,-1.216667,3.656667,-0.2555556,19.0625,9.0,-56.875,-6.0625,-3.0625,314.0625,0,0,7.698865
4216,-6.75,-6.71,5.36,-0.5544444,2.623333,0.3922222,19.0625,9.0,-56.875,-9.1875,-2.4375,313.5,0,0,8.906248
4229,-2.21,-11.53,3.21,-0.2177778,2.342222,-0.01666667,25.5625,13.6875,-55.75,-10.4375,-2.3125,313.4375,0,0,9.877716
4242,-2.44,-7.33,2.33,0.5266666,2.234444,-0.4433333,25.5625,13.6875,-55.75,-11.6875,-2.5625,313.6875,0,0,11.29596
4256,-2.76,6.58,-0.22,0.9366667,2.138889,-0.52,25.5625,13.6875,-55.75,-14.0,-3.3125,314.1875,0,0,0.02688599
4268,-3.42,4.23,0.81,-0.1155555,1.946667,-0.09444445,25.5625,13.6875,-55.75,-15.0625,-3.25,314.1875,0,0,3.480371
4279,-3.5,-0.49,1.88,-0.3333333,1.75,-0.08,33.25,14.0,-54.5625,-16.0,-3.0625,314.1875,0,0,5.462952
4294,-3.32,0.17,2.09,-0.2488889,1.565556,-0.1333333,33.25,14.0,-54.5625,-16.875,-2.875,314.1875,0,0,7.651518
4305,-4.08,0.49,2.95,-0.3422222,1.147778,-0.09111111,33.25,14.0,-54.5625,-18.25,-2.5625,314.25,0,0,7.508069
4316,-4.25,-1.06,4.27,-0.3255556,0.9311111,-0.1188889,33.25,14.0,-54.5625,-18.75,-2.375,314.25,0,0,7.651518
4328,-8.28,0.72,5.5,-0.17,0.6544445,-0.1922222,37.5625,13.5,-51.0625,-19.125,-2.25,314.375,0,0,7.083362
4343,2.19,1.19,-1.55,-0.4577778,0.1977778,-0.1244444,37.5625,13.5,-51.0625,-19.5,-1.6875,314.4375,0,0,8.087443
4354,-2.37,0.67,1.25,-0.4488889,0.4066667,-0.22,37.5625,13.5,-51.0625,-19.6875,-1.375,314.5,0,0,7.651518
4365,-0.04,0.04,-0.18,-0.6488889,0.2622222,-0.1966667,37.5625,13.5,-51.0625,-19.8125,-1.0,314.5625,0,0,7.508069
4376,-1.35,-0.09,1.23,-0.5544444,0.2822222,-0.2255556,41.1875,14.25,-50.75,-20.0,-0.625,314.625,0,0,7.083362
4392,-1.4,-0.91,1.18,-0.5411111,0.2266667,-0.2033333,41.1875,14.25,-50.75,-20.125,-0.3125,314.6875,0,0,5.462952
4403,0.38,-0.85,-0.31,-0.2422222,0.1844444,-0.1977778,41.1875,14.25,-50.75,-20.3125,0.0625,314.8125,0,0,4.201595
4414,-0.44,-0.1,0.1,-0.2333333,0.17,-0.1844444,41.1875,14.25,-50.75,-20.375,0.25,314.875,0,0,3.362667
4425,-0.19,0.0,0.02,-0.2255556,0.1455556,-0.1822222,41.875,15.5625,-50.375,-20.5,0.4375,315.0,0,0,2.557491
4436,-0.48,0.13,0.16,-0.1622222,0.1444445,-0.1922222,41.875,15.5625,-50.375,-20.5625,0.5625,315.0625,0,0,2.222233
4452,-0.36,-0.04,-0.11,-0.1722222,0.1277778,-0.1777778,41.875,15.5625,-50.375,-20.6875,0.8125,315.1875,0,0,0.5267964
4463,-0.11,0.04,-0.1,-0.1111111,0.1244444,-0.1488889,41.875,15.5625,-50.375,-20.75,0.875,315.3125,0,0,12.2204
4474,-0.3,-0.18,0.0,-0.09888888,0.1277778,-0.14,40.375,17.25,-49.5625,-20.8125,1.0,315.375,0,0,12.18503
4485,-0.35,-0.1,0.05,-0.07666667,0.1144444,-0.1311111,40.375,17.25,-49.5625,-20.875,1.0625,315.4375,0,0,12.04545
4497,-0.34,0.2,-0.03,-0.003333333,0.08666667,-0.1377778,40.375,17.25,-49.5625,-21.0625,1.125,315.5625,0,0,11.67613
4508,-0.41,0.16,0.05,-0.01555556,0.07222223,-0.1333333,40.375,17.25,-49.5625,-21.125,1.125,315.625,0,0,11.57894
4519,-0.4,0.21,0.03,-0.02,0.05222222,-0.1411111,41.75,17.6875,-49.5,-21.125,1.1875,315.6875,0,0,11.42017
4533,-0.53,0.23,0.09,-0.01555556,0.03777778,-0.1511111,41.75,17.6875,-49.5,-21.25,1.25,315.875,0,0,11.29596
4544,-0.19,0.04,-0.12,-0.07555556,0.003333333,-0.1344445,41.75,17.6875,-49.5,-21.25,1.3125,315.9375,0,0,11.17416
4556,-0.24,-0.07,-0.1,-0.06333333,0.005555556,-0.1333333,41.75,17.6875,-49.5,-21.25,1.375,316.0,0,0,10.79412
4567,-0.01,-0.12,-0.16,-0.04,0.01,-0.1211111,41.6875,16.75,-49.0625,-21.25,1.375,316.0625,0,0,10.7097
4582,-0.29,0.02,-0.06,-0.004444445,0.02888889,-0.1122222,41.6875,16.75,-49.0625,-21.25,1.4375,316.1875,0,0,10.43665
4593,-0.29,0.12,-0.11,0.02444444,0.03333333,-0.1022222,41.6875,16.75,-49.0625,-21.3125,1.4375,316.25,0,0,10.20134
4605,-0.16,0.14,-0.08,0.005555556,0.02333333,-0.09,41.6875,16.75,-49.0625,-21.3125,1.4375,316.25,0,0,9.877716
4616,-0.28,0.1,0.0,0.006666667,0.02888889,-0.08777779,43.5,17.5625,-49.875,-21.375,1.5,316.3125,0,0,9.664183
4628,-0.25,0.04,-0.09,0.005555556,0.02666667,-0.08111111,43.5,17.5625,-49.875,-21.375,1.5,316.375,0,0,9.239241
4641,-0.13,-0.01,-0.18,0.003333333,0.03,-0.07,43.5,17.5625,-49.875,-21.4375,1.5,316.4375,0,0,9.049299
4652,-0.12,-0.03,-0.07,0.03,0.04,-0.06555556,43.5,17.5625,-49.875,-21.4375,1.5,316.5,0,0,8.670058
4664,-0.07,-0.16,-0.05,0.02666667,0.05,-0.05222222,42.5,17.875,-49.1875,-21.5,1.5,316.5,0,0,8.229165
4675,0.0,-0.08,-0.22,0.06222222,0.06666667,-0.05111111,42.5,17.875,-49.1875,-21.5625,1.5,316.5625,0,0,7.906979
4690,0.09,-0.13,-0.25,0.09777778,0.08222222,-0.05111111,42.5,17.875,-49.1875,-21.625,1.375,316.625,0,0.01077586,7.113969
4703,0.11,-0.35,-0.1,0.1455556,0.1388889,-0.01333333,42.5,17.875,-49.1875,-21.6875,1.3125,316.625,0,0.01170816,6.322114
4714,0.2,-0.7,0.0,0.17,0.18,0.02555555,42.0625,18.875,-48.0,-21.8125,1.25,316.625,0.0148258,0.0432668,5.584113
4729,0.28,-0.58,0.11,0.28,0.2511111,0.07666667,42.0625,18.875,-48.0,-22.125,0.8125,316.625,0.05181842,0.119382,4.42489
4740,0.41,-0.88,-0.01,0.4555555,0.4055555,0.2422222,42.0625,18.875,-48.0,-22.375,0.5,316.5,0.06452234,0.164801,3.611112
4751,0.28,0.0,0.04,0.6,0.4888889,0.2455555,42.0625,18.875,-48.0,-22.625,0.125,316.4375,0.1009501,0.2406086,2.699653
4762,-0.05,0.65,0.12,0.6422222,0.55,0.2322222,41.6875,18.1875,-49.1875,-22.9375,-0.1875,316.375,0.1245301,0.3125,1.937267
4778,-0.05,0.42,0.02,0.47,0.5977778,0.2655556,41.6875,18.1875,-49.1875,-23.625,-0.8125,316.1875,0.131952,0.3822545,1.112137
4789,1.07,0.77,0.39,0.3244444,0.7722222,0.25,41.6875,18.1875,-49.1875,-24.0,-1.0625,316.125,0.1455153,0.4494522,0.711207
4800,2.0,0.39,0.71,0.1066667,1.01,0.2488889,41.6875,18.1875,-49.1875,-24.5625,-1.1875,316.0,0.1443748,0.4665494,0.3937861
4811,2.49,0.86,1.0,0.06888889,1.323333,0.2155555,43.1875,16.0625,-47.1875,-25.3125,-1.3125,315.875,0.1466576,0.4631024,0.2315485
4827,2.18,0.53,1.41,-0.002222222,1.696667,0.1944444,43.1875,16.0625,-47.1875,-27.375,-1.375,315.625,0.1387005,0.3279131,0
4838,2.97,0.63,2.12,-0.08222222,2.572222,0.2288889,43.1875,16.0625,-47.1875,-28.75,-1.4375,315.4375,0.07062694,0.1898734,0
4849,2.01,0.39,3.22,-0.03,3.043333,0.1844444,43.1875,16.0625,-47.1875,-30.375,-1.5,315.3125,0,0.03289474,0
4860,1.13,0.6,2.3,0.1144444,3.456667,0.12,45.6875,14.75,-46.0625,-32.3125,-1.625,315.25,0,0,0
4872,1.95,0.58,4.37,0.2811111,3.797778,-0.02111111,45.6875,14.75,-46.0625,-34.375,-1.8125,315.3125,0,0,0
4886,-3.91,3.51,2.65,0.09111111,4.115556,-0.2588889,45.6875,14.75,-46.0625,-39.0625,-1.4375,315.625,0,0,0
4897,0.26,2.36,3.6,-0.5066667,4.608889,-0.7922222,45.6875,14.75,-46.0625,-41.5625,-0.875,315.9375,0,0,0
4908,0.5,0.98,5.47,-0.4811111,4.68,-0.9955556,51.5625,15.25,-39.1875,-44.125,-0.125,316.375,0,0,0
4919,3.25,-0.13,12.02,-0.4022222,4.354445,-1.298889,51.5625,15.25,-39.1875,-46.5,0.75,317.0,0,0,0
4931,-0.8,-0.91,12.15,0.03444445,3.65,-1.635556,51.5625,15.25,-39.1875,-48.4375,1.75,317.9375,0,0,0
4945,1.6,4.3,17.55,0.5411111,2.825556,-1.778889,51.5625,15.25,-39.1875,-50.6875,3.625,320.25,0,0,0
4956,5.71,6.63,9.06,0.6644444,1.471111,-1.912222,57.6875,18.1875,-27.6875,-51.0625,4.9375,321.3125,0,0,0
4967,8.86,8.24,2.62,0.02555555,0.7133333,-1.682222,57.6875,18.1875,-27.6875,-51.375,6.125,322.25,0,0,0
4978,5.72,10.75,5.58,-0.02666667,0.5244445,-1.203333,57.6875,18.1875,-27.6875,-51.5625,7.0,322.9375,0,0,0
4989,5.71,10.8,5.68,-0.2022222,0.1622222,-0.5455555,57.6875,18.1875,-27.6875,-51.625,7.4375,323.1875,0,0,0
5001,6.48,9.74,4.68,-0.3855556,-0.2133333,0.1544444,57.6875,18.1875,-27.6875,-51.5,7.5625,323.0,0,0,0
5012,7.59,6.06,3.3,-0.4955555,-0.4833333,0.75,61.25,24.0,-24.6875,-51.3125,7.25,322.4375,0,0,0
5024,7.52,4.27,3.46,-0.4611111,-0.6933333,1.15,61.25,24.0,-24.6875,-50.625,5.9375,320.8125,0,0,0
5035,7.32,2.51,3.71,-0.2811111,-1.182222,1.308889,61.25,24.0,-24.6875,-50.0625,5.1875,320.0,0,0,0
5046,7.18,-0.91,3.58,-0.1166667,-1.446667,1.161111,61.25,24.0,-24.6875,-49.3125,4.4375,319.3125,0,0,0
5058,6.81,-1.15,3.4,0.05888889,-1.696667,0.9333333,60.25,27.5625,-26.25,-48.4375,3.75,318.8125,0,0,0
5073,6.29,-1.33,3.41,0.1877778,-1.934444,0.6833333,60.25,27.5625,-26.25,-46.25,2.6875,318.25,0,0,0
5084,5.24,-1.0,3.63,0.33,-2.386667,0.2333333,60.25,27.5625,-26.25,-44.9375,2.3125,318.1875,0,0,0
5095,4.2,-0.29,3.35,0.2722222,-2.614444,0.07,60.25,27.5625,-26.25,-43.5,2.0625,318.1875,0,0,0
5106,4.33,-0.41,1.85,0.2011111,-2.781111,-0.05,58.375,26.5,-30.0625,-42.0,1.9375,318.1875,0,0,0
5122,3.86,0.1,1.19,0.1944444,-2.844444,-0.1466667,58.375,26.5,-30.0625,-38.875,1.8125,318.4375,0,0,0
5133,3.37,0.32,0.82,0.2066667,-2.797778,-0.1844444,58.375,26.5,-30.0625,-37.375,1.75,318.5625,0,0,0
5144,0.11,0.74,3.16,0.3633333,-2.791111,-0.09222222,58.375,26.5,-30.0625,-35.875,1.5,318.625,0,0,0
5155,-0.8,1.19,3.5,0.5433333,-2.893333,0.08777779,55.5625,29.375,-35.0625,-34.25,1.1875,318.6875,0,0,0
5166,-1.08,1.54,2.99,0.6677778,-3.024444,0.3144444,55.5625,29.375,-35.0625,-32.625,0.6875,318.625,0,0,0
5183,-1.19,1.98,1.75,0.7188889,-3.088889,0.5611111,55.5625,29.375,-35.0625,-29.25,-0.5,318.0625,0,0,0
5194,-1.58,0.9700001,0.98,0.66,-2.991111,0.9933333,55.5625,29.375,-35.0625,-27.625,-1.125,317.625,0,0,0
5205,-2.26,0.59,1.21,0.6933333,-2.888889,1.14,52.5625,31.5625,-42.0,-26.0625,-1.8125,317.125,0,0,0
5219,-3.12,0.72,1.34,0.7066667,-2.827778,1.24,52.5625,31.5625,-42.0,-24.5,-2.4375,316.5625,0,0,0
5232,-3.21,0.54,0.9700001,0.6111111,-2.78,1.267778,52.5625,31.5625,-42.0,-21.4375,-3.5625,315.375,0,0,0
5244,-3.41,-1.15,1.0,0.3433333,-2.702222,1.15,52.5625,31.5625,-42.0,-19.9375,-3.9375,314.875,0,0,0
5255,-4.34,-1.82,2.19,0.3322222,-2.658889,1.042222,48.0625,30.0625,-48.0,-18.4375,-4.3125,314.375,0,0,0
5270,-5.83,-2.0,3.6,0.4566667,-2.721111,0.9599999,48.0625,30.0625,-48.0,-15.25,-5.0625,313.5625,0,0,0
5281,-6.51,-1.82,4.18,0.66,-3.165555,0.8733334,48.0625,30.0625,-48.0,-13.5,-5.5,313.1875,0,0,0
5292,-6.56,-1.19,3.25,0.6955556,-3.39,0.8455555,48.0625,30.0625,-48.0,-11.625,-5.9375,312.875,0,0,0
5304,-6.06,-1.01,1.77,0.6588889,-3.502222,0.8388889,43.25,26.25,-50.875,-9.6875,-6.375,312.5625,0,0,0
5319,-5.51,-1.74,0.12,0.6077778,-3.468889,0.8477777,43.25,26.25,-50.875,-5.875,-7.125,311.875,0,0,0
5330,-5.94,-1.84,-0.05,0.6788889,-3.191111,0.8422222,43.25,26.25,-50.875,-4.125,-7.5,311.5625,0,0,0
5341,-7.11,-1.31,-0.65,0.6188889,-3.048889,0.8033334,43.25,26.25,-50.875,-2.4375,-7.875,311.25,0,0,0
5352,-7.23,-1.7,-1.31,0.5111112,-2.898889,0.73,37.1875,20.6875,-54.5625,-0.8125,-8.125,311.0,0,0,0
5363,-7.22,-2.26,-2.07,0.4577778,-2.706667,0.6355556,37.1875,20.6875,-54.5625,0.625,-8.375,310.75,0,0,0
5378,-7.34,-2.8,-2.73,0.5111112,-2.466667,0.5355556,37.1875,20.6875,-54.5625,3.25,-9.0,310.375,0,0,0
5389,-8.79,-3.53,-1.91,0.8155556,-2.074445,0.31,37.1875,20.6875,-54.5625,4.4375,-9.5,310.3125,0,0,0
5400,-8.66,-4.18,-2.75,0.8977777,-1.938889,0.1533333,30.5625,14.375,-57.25,5.4375,-9.9375,310.25,0,0,0
5411,-7.51,-4.08,-4.97,0.94,-1.732222,-0.03666667,30.5625,14.375,-57.25,6.375,-10.5,310.375,0,0,0
5422,-7.54,-3.65,-5.52,0.8744444,-1.441111,-0.2566667,30.5625,14.375,-57.25,7.125,-11.0,310.5625,0,0,0
5437,-8.09,-2.92,-5.6,0.4588889,-0.8066667,-0.5488889,30.5625,14.375,-57.25,8.0625,-11.75,311.125,0,0,0
5448,-8.69,-2.04,-4.82,0.2111111,-0.52,-0.5811111,24.0,9.5625,-57.0,8.25,-11.875,311.5,0,0,0
5459,-9.13,-1.74,-4.21,-0.02888889,-0.2822222,-0.5466667,24.0,9.5625,-57.0,8.375,-11.9375,311.8125,0,0,0
5474,-9.0,-1.2,-4.38,-0.2511111,-0.1066667,-0.4677778,24.0,9.5625,-57.0,8.375,-11.8125,312.0625,0,0,0
5486,-7.56,-0.73,-5.65,-0.63,0.35,-0.2877778,24.0,9.5625,-57.0,8.0625,-11.25,312.4375,0,0,0
5498,-7.76,-0.15,-5.13,-0.7244444,0.5966667,-0.1822222,22.375,6.75,-56.375,7.6875,-10.875,312.5625,0,0,0.2200603
5513,-8.04,0.22,-4.65,-0.7888889,0.8,-0.06333333,22.375,6.75,-56.375,6.75,-10.0,312.5,0,0,1.581167
5524,-2.93,-4.99,-5.64,-0.3788889,1.832222,-0.1833333,22.375,6.75,-56.375,5.75,-9.75,312.5625,0,0,2.736566
5535,6.9,10.19,4.54,-0.8122223,1.945556,-0.7633333,22.375,6.75,-56.375,4.625,-9.3125,312.875,0,0,3.91003
5546,6.64,2.6,-10.97,-2.684444,2.304445,-1.208889,24.5625,6.5,-56.1875,3.25,-7.9375,313.5,0,0,4.715909
5562,1.04,-2.22,-5.19,-2.906667,3.036667,-1.268889,24.5625,6.5,-56.1875,-0.25,-5.1875,314.5625,0,0,5.790921
5573,-6.79,-3.13,4.32,-1.516667,3.134444,-0.3277778,24.5625,6.5,-56.1875,-1.9375,-4.375,314.625,0,0,6.14704
5584,-3.62,-4.34,3.42,-1.283333,2.992222,-0.07444444,24.5625,6.5,-56.1875,-3.5625,-3.6875,314.625,0,0,6.505682
5595,-4.88,-5.97,4.27,-0.9188889,2.826667,0.02444444,29.1875,10.375,-55.75,-5.125,-3.1875,314.5,0,0,6.900878
5611,-4.35,-6.39,3.43,-0.5222222,2.56,-0.05,29.1875,10.375,-55.75,-7.8125,-2.75,314.625,0,0,7.698865
5622,-1.98,-3.92,1.44,-0.07222223,2.213333,-0.4777778,29.1875,10.375,-55.75,-9.0,-2.6875,314.875,0,0,8.500003
5633,-1.42,2.57,-0.42,0.03333333,2.166667,-0.4677778,29.1875,10.375,-55.75,-10.1875,-2.6875,315.0625,0,0,9.325934
5644,-3.25,3.98,0.78,-0.1188889,2.131111,-0.2788889,38.1875,12.0625,-50.25,-11.375,-2.5625,315.1875,0,0,10.41002
5655,-4.02,1.81,1.9,-0.3511111,2.002222,-0.06333333,38.1875,12.0625,-50.25,-12.4375,-2.375,315.1875,0,0,11.54688
5670,-4.16,-0.84,2.55,-0.4777778,1.765555,0.03777778,38.1875,12.0625,-50.25,-14.25,-1.9375,315.0625,0,0,0.8333415
5683,-0.91,-1.93,0.69,-0.1866667,1.461111,-0.08777779,38.1875,12.0625,-50.25,-15.0625,-1.8125,315.125,0,0,3.480371
5694,-0.34,-0.46,-0.08,-0.02888889,1.455556,-0.1155555,44.75,12.75,-46.75,-15.875,-1.8125,315.125,0,0,4.949198
5707,-0.18,0.14,-0.47,-0.01888889,1.495555,-0.1033333,44.75,12.75,-46.75,-16.6875,-1.75,315.1875,0,0,6.943559
5721,-0.58,0.76,-0.58,-0.07333333,1.535556,-0.1244444,44.75,12.75,-46.75,-18.375,-1.625,315.3125,0,0,7.651518
5733,-1.97,0.98,0.61,-0.2444444,1.54,-0.2033333,44.75,12.75,-46.75,-19.1875,-1.4375,315.375,0,0,8.382837
5744,-2.5,1.47,1.41,-0.3733333,1.446667,-0.2633333,45.6875,12.75,-42.875,-20.0,-1.1875,315.4375,0,0,8.532031
5759,-14.73,1.66,9.92,-0.4322222,1.195556,-0.3755555,45.6875,12.75,-42.875,-20.8125,-0.375,315.625,0,0,8.682158
5770,2.7,0.21,-1.17,-0.8477777,0.5077777,-0.2022222,45.6875,12.75,-42.875,-21.0625,0.125,315.6875,0,0,8.382837
5782,-1.3,0.13,1.55,-0.2777778,0.3511111,-0.2633333,45.6875,12.75,-42.875,-21.25,0.3125,315.75,0,0,7.508069
5793,0.04,-1.06,0.1,-0.4477778,0.2011111,-0.1755556,49.375,12.75,-40.6875,-21.375,0.5625,315.8125,0,0,7.083362
5808,-1.02,-0.83,0.76,-0.2444444,0.2222222,-0.18,49.375,12.75,-40.6875,-21.5625,0.875,316.0,0,0,5.462952
5819,-0.41,-0.08,0.2,-0.1966667,0.1666667,-0.1322222,49.375,12.75,-40.6875,-21.6875,1.0,316.0,0,0,4.324341
5830,-0.28,0.02,0.09,-0.1166667,0.1788889,-0.1455556,49.375,12.75,-40.6875,-21.75,1.125,316.0625,0,0,3.362667
5842,-0.28,0.47,0.02,-0.1066667,0.1766667,-0.1477778,50.5,15.0,-40.0,-21.875,1.1875,316.1875,0,0,1.676046
5857,-0.32,-0.07,0.0,-0.1777778,0.18,-0.1277778,50.5,15.0,-40.0,-21.9375,1.3125,316.1875,0,0,0.02688599
5868,-0.35,0.08,-0.01,-0.09111111,0.1711111,-0.1255556,50.5,15.0,-40.0,-22.125,1.5,316.3125,0,0,12.08008
5879,-0.42,0.0,0.01,-0.1111111,0.1633333,-0.1155555,50.5,15.0,-40.0,-22.25,1.5625,316.375,0,0,11.74176
5890,-0.52,-0.07,0.14,-0.1033333,0.1411111,-0.1066667,50.75,15.1875,-39.5625,-22.3125,1.6875,316.4375,0,0,11.64358
5902,-0.32,-0.12,0.06,-0.05,0.1122222,-0.1144444,50.75,15.1875,-39.5625,-22.375,1.75,316.5,0,0,11.42017
5916,-0.23,0.16,-0.07,0.0,0.09888888,-0.1144444,50.75,15.1875,-39.5625,-22.5,1.8125,316.625,0,0,11.17416
5928,-0.3,0.1,-0.04,-0.02666667,0.05444445,-0.09222222,50.75,15.1875,-39.5625,-22.5625,1.8125,316.625,0,0,11.05469
5939,-0.18,-0.04,-0.02,0.01444444,0.06444445,-0.08777779,51.0625,16.375,-40.25,-22.625,1.8125,316.6875,0,0,10.85107
5951,-0.15,0.09,-0.1,0.03222222,0.06666667,-0.07888889,51.0625,16.375,-40.25,-22.625,1.8125,316.75,0,0,10.59896
5966,-0.13,0.04,-0.17,0.03666667,0.07444444,-0.07555556,51.0625,16.375,-40.25,-22.75,1.8125,316.875,0,0,10.17579
5977,-0.17,0.16,-0.06,0.05444445,0.07111111,-0.06666667,51.0625,16.375,-40.25,-22.8125,1.8125,316.875,0,0,9.877716
5988,-0.15,0.01,-0.07,0.03555556,0.07,-0.05555556,50.375,16.0,-38.75,-22.8125,1.8125,316.9375,0,0,9.664183
5999,0.03,-0.17,-0.08,0.05111111,0.07222223,-0.04111111,50.375,16.0,-38.75,-22.875,1.75,316.9375,0,0.0163904,9.153967
6015,0.02,-0.3,-0.04,0.1022222,0.1011111,-0.02222222,50.375,16.0,-38.75,-23.0,1.625,317.0,0,0.01264184,8.518606
6026,-0.14,-0.12,0.05,0.1966667,0.1455556,0.01666667,50.375,16.0,-38.75,-23.0625,1.5,317.0,0,0.03547213,8.159468
6037,-0.11,-0.06,-0.02,0.2166667,0.1555556,0.02333333,50.75,17.0,-39.1875,-23.1875,1.375,317.0,0,0.04818666,7.746048
6048,-0.31,0.14,-0.06,0.2288889,0.17,0.007777778,50.75,17.0,-39.1875,-23.25,1.25,317.0625,0,0.08788551,7.309783
6064,-0.21,0.0,-0.2,0.2022222,0.1622222,0.02222222,50.75,17.0,-39.1875,-23.4375,1.0625,317.0625,0,0.1308336,6.661514
6075,-0.05,-0.38,0.03,0.2944444,0.1966667,0.1111111,50.75,17.0,-39.1875,-23.5625,0.875,317.0,0,0.1554778,6.052068
6086,0.0,0.02,0.05,0.3688889,0.2411111,0.1311111,50.75,15.0625,-38.0,-23.6875,0.625,317.0,0,0.1927142,5.502969
6097,-0.09,0.12,0.01,0.3788889,0.2788889,0.1555556,50.75,15.0625,-38.0,-23.875,0.4375,316.9375,0.009844943,0.2506597,4.829276
6110,0.04,-0.07,-0.21,0.3311111,0.2888889,0.18,50.75,15.0625,-38.0,-24.0,0.1875,316.875,0.04163513,0.2959831,3.983896
6124,0.06,0.48,-0.18,0.3033333,0.3544445,0.06222222,50.75,15.0625,-38.0,-24.375,-0.125,316.875,0.0966851,0.3786192,2.990887
6135,-0.09,0.57,0.02,0.1688889,0.3677778,0.04444445,51.75,15.0625,-38.75,-24.5625,-0.25,316.875,0.1175528,0.4438286,2.31459
6148,0.01,0.12,0.09,0.1188889,0.3888889,0.04,51.75,15.0625,-38.75,-24.8125,-0.3125,316.875,0.120849,0.5193571,1.665006
6163,0.03,-0.04,0.0,0.15,0.4244444,0.04666667,51.75,15.0625,-38.75,-25.3125,-0.5,316.8125,0.1405868,0.7756232,1.231217
6175,0.27,-0.24,-0.08,0.1222222,0.5466667,0.1422222,51.75,15.0625,-38.75,-25.5625,-0.625,316.75,0.1874474,0.9116343,0.8625671
6186,0.34,0.16,0.16,0.09333333,0.6488889,0.1688889,52.1875,14.5,-36.5,-25.9375,-0.6875,316.6875,0.2427822,1.012931,0.6621218
6201,0.59,0.07,0.48,0.09333333,0.6488889,0.1688889,52.1875,14.5,-36.5,-26.3125,-0.8125,316.5625,0.3091685,1.119792,0.3367173
6213,0.72,0.05,0.24,0.004444445,0.8622222,0.2211111,52.1875,14.5,-36.5,-27.1875,-1.0,316.375,0.3501094,1.243302,0.207918
6225,1.06,0.4,0.24,-0.03333333,1.166667,0.2811111,52.1875,14.5,-36.5,-27.8125,-1.0625,316.1875,0.4087006,1.182866,0.1447548
6236,1.63,0.57,0.7,-0.1166667,1.366667,0.2644444,53.0,14.0625,-35.75,-28.5625,-1.0625,316.0625,0.4065534,1.022979,0
6251,1.41,0.78,1.18,-0.1166667,1.366667,0.2644444,53.0,14.0625,-35.75,-30.375,-1.0625,315.6875,0.3313253,0.7355508,0
6262,2.16,0.16,1.16,-0.2222222,1.965556,0.2522222,53.0,14.0625,-35.75,-31.4375,-1.0625,315.5,0.1919014,0.4863467,0
6273,2.51,-0.02,3.12,-0.09555555,2.336667,0.2744444,53.0,14.0625,-35.75,-32.6875,-1.125,315.3125,0.0249066,0.2315485,0
6285,-8.02,-3.67,-2.73,0.2188889,2.825556,0.4588889,55.0625,13.25,-32.0625,-34.25,-1.375,315.125,0,0.07096774,0
6300,-0.35,-2.85,2.54,0.2188889,2.825556,0.4588889,55.0625,13.25,-32.0625,-37.9375,-2.1875,314.75,0,0,0
6311,3.13,4.0,5.54,1.358889,4.691111,0.1766667,55.0625,13.25,-32.0625,-40.5,-3.125,314.875,0,0,0
6322,-6.89,0.2,2.38,0.4544445,4.824444,-0.08555555,55.0625,13.25,-32.0625,-43.125,-3.4375,314.9375,0,0,0
6334,0.66,2.35,4.07,-0.02555555,5.731111,-0.7855556,59.5,11.5,-23.5625,-46.25,-3.1875,315.25,0,0,0
6349,0.17,1.62,2.81,-0.02555555,5.731111,-0.7855556,59.5,11.5,-23.5625,-52.625,-2.25,316.125,0,0,0
6360,0.03,-1.27,10.32,-0.03555556,5.891111,-1.404444,59.5,11.5,-23.5625,-55.875,-1.3125,316.8125,0,0,0
6371,4.75,-1.21,15.54,0.3788889,5.398889,-1.617778,59.5,11.5,-23.5625,-58.8125,-0.25,317.8125,0,0,0
6382,-4.43,0.21,9.96,1.528889,3.484444,-2.722222,64.6875,12.25,-8.75,-60.6875,1.4375,319.75,0,0,0
6398,4.14,5.03,12.17,1.528889,3.484444,-2.722222,64.6875,12.25,-8.75,-63.9375,5.8125,323.6875,0,0,0
6409,4.14,11.78,10.95,1.031111,1.34,-2.201111,64.6875,12.25,-8.75,-64.5,7.875,325.3125,0,0,0
6420,7.75,13.94,8.05,-0.2533333,0.3011111,-1.611111,64.6875,12.25,-8.75,-64.5625,9.875,326.0625,0,0,0
6431,7.76,11.81,7.38,-0.2722222,-0.3377778,-0.7155556,64.75,16.375,4.0625,-64.3125,10.75,326.375,0,0,0
6443,9.41,8.76,5.86,-0.66,-0.8544444,0.2433333,64.75,16.375,4.0625,-63.875,10.6875,326.0,0,0,0
6458,10.87,1.47,4.71,-1.117778,-1.287778,1.004444,64.75,16.375,4.0625,-62.5625,8.75,323.8125,0,0,0
6470,9.37,-1.74,6.16,-0.8255556,-1.805556,1.627778,64.75,16.375,4.0625,-61.6875,7.3125,322.625,0,0,0
6481,8.0,-2.03,7.0,-0.5233333,-2.077778,1.534444,66.1875,16.6875,3.875,-60.6875,5.8125,321.5625,0,0,0
6496,6.5,-1.53,6.76,-0.2688889,-2.466667,1.277778,66.1875,16.6875,3.875,-59.375,4.5625,320.75,0,0,0
6508,6.5,-1.78,5.48,-0.2977778,-3.376667,0.5955555,66.1875,16.6875,3.875,-56.0,3.1875,319.625,0,0,0
6519,4.97,-2.12,3.8,-0.3122222,-3.663333,0.2888889,66.1875,16.6875,3.875,-54.0625,2.9375,319.375,0,0,0
6531,4.05,-1.46,3.49,-0.2033333,-3.842222,0.04777778,63.75,9.0625,-4.6875,-51.9375,2.875,319.25,0,0,0
6546,3.34,-0.71,3.27,-0.07666667,-3.958889,-0.1122222,63.75,9.0625,-4.6875,-47.5625,2.875,319.3125,0,0,0
6557,0.81,1.04,4.55,0.02333333,-4.105556,-0.2411111,63.75,9.0625,-4.6875,-45.375,2.875,319.375,0,0,0
6568,-0.85,1.71,5.0,0.06444445,-4.178889,-0.2222222,63.75,9.0625,-4.6875,-43.0625,2.875,319.5,0,0,0
6579,-1.73,2.03,4.29,0.1222222,-4.323333,-0.1211111,59.5625,5.0625,-16.375,-40.6875,2.75,319.5625,0,0,0
6595,-0.9599999,1.79,1.47,0.1644444,-4.477778,0.07777778,59.5625,5.0625,-16.375,-35.875,2.1875,319.3125,0,0,0
6606,-1.33,1.3,0.43,0.3733333,-4.351111,0.6011111,59.5625,5.0625,-16.375,-33.5,1.6875,319.0,0,0,0
6617,-2.59,1.5,1.33,0.4988889,-4.112222,0.8411111,59.5625,5.0625,-16.375,-31.25,1.0625,318.5625,0,0,0
6628,-4.47,1.64,3.07,0.5822222,-3.92,1.021111,53.75,1.375,-29.25,-29.125,0.4375,318.125,0,0,0
6642,-4.86,0.9,3.22,0.5066667,-3.873333,1.134444,53.75,1.375,-29.25,-27.0,-0.125,317.5625,0,0,0
6655,-5.03,0.26,3.12,0.4211111,-3.982222,1.224444,53.75,1.375,-29.25,-22.6875,-1.1875,316.375,0,0,0
6666,-5.13,-0.32,2.85,0.4988889,-4.071111,1.23,53.75,1.375,-29.25,-20.5,-1.6875,315.75,0,0,0
6677,-5.1,-0.42,2.14,0.56,-4.16,1.197778,42.5625,-2.5625,-40.0,-18.1875,-2.1875,315.1875,0,0,0
6688,-4.79,-1.34,1.03,0.5366667,-4.226666,1.132222,42.5625,-2.5625,-40.0,-15.875,-2.625,314.6875,0,0,0
6704,-5.14,-1.47,0.62,0.51,-4.226666,1.047778,42.5625,-2.5625,-40.0,-13.5625,-3.0625,314.1875,0,0,0
6716,-5.43,-0.86,-0.5,0.6455555,-4.068889,0.8833333,42.5625,-2.5625,-40.0,-9.0,-3.8125,313.375,0,0,0
6727,-5.61,-0.16,-1.71,0.6966667,-3.907778,0.8344444,29.375,-4.6875,-47.1875,-6.875,-4.25,313.0625,0,0,0
6743,-5.84,-0.43,-2.27,0.6744444,-3.684444,0.8177777,29.375,-4.6875,-47.1875,-4.8125,-4.6875,312.6875,0,0,0
6754,-8.96,-0.9599999,-0.61,0.6677778,-3.056667,0.8111111,29.375,-4.6875,-47.1875,-1.25,-5.375,312.0,0,0,0
6765,-9.72,-1.15,-0.49,0.7666667,-2.775556,0.7866667,29.375,-4.6875,-47.1875,0.25,-5.8125,311.625,0,0,0
6777,-9.69,-1.66,-1.19,0.8166667,-2.592222,0.7311111,15.75,-5.75,-52.0,1.6875,-6.25,311.3125,0,0,0
6792,-9.29,-2.12,-2.3,0.8444445,-2.44,0.6488889,15.75,-5.75,-52.0,4.3125,-7.1875,310.75,0,0,0
6803,-9.57,-2.91,-4.69,0.95,-1.914444,0.4233334,15.75,-5.75,-52.0,5.375,-7.6875,310.625,0,0,0
6814,-9.81,-2.8,-5.55,0.9633333,-1.561111,0.28,15.75,-5.75,-52.0,6.1875,-8.1875,310.5,0,0,0
6825,-9.88,-1.94,-7.48,0.9122222,-1.183333,0.1333333,8.375,-8.0625,-53.875,6.875,-8.6875,310.4375,0,0,0
6841,-10.86,-1.62,-7.33,0.7422223,-0.7466667,-0.008888889,8.375,-8.0625,-53.875,7.375,-9.375,310.5,0,0,0
6852,-11.6,-1.46,-7.44,0.06444445,0.1444445,-0.2111111,8.375,-8.0625,-53.875,7.3125,-9.4375,310.625,0,0,0
6863,-12.59,-1.59,-6.0,-0.29,0.5366667,-0.2155555,8.375,-8.0625,-53.875,7.0,-9.3125,310.6875,0,0,0
6874,-13.18,-1.81,-4.29,-0.5844445,0.9044445,-0.1688889,4.1875,-8.875,-53.0625,6.5,-8.9375,310.8125,0,0,0
6885,-13.53,-1.56,-2.94,-0.7422223,1.134444,-0.08888889,4.1875,-8.875,-53.0625,5.875,-8.5625,310.8125,0,0,0.2973852
6900,-6.52,-5.69,-3.94,-0.7933333,1.207778,-0.01333333,4.1875,-8.875,-53.0625,4.5625,-7.6875,310.75,0,0,1.989715
6911,6.43,11.1,4.45,-0.1277778,1.928889,-0.1888889,4.1875,-8.875,-53.0625,3.5,-7.5625,310.75,0,0,2.966433
6922,8.93,5.59,-13.94,0.08555555,1.997778,-0.78,4.5625,-8.0,-53.5625,2.375,-7.625,311.125,0,0,3.957274
6933,4.21,1.99,-10.62,-2.167778,2.463333,-1.217778,4.5625,-8.0,-53.5625,0.9375,-6.5,311.6875,0,0,4.647177
6944,-6.66,0.7,2.78,-2.354445,3.358889,-1.188889,4.5625,-8.0,-53.5625,-0.875,-5.1875,312.25,0,0,5.380507
6959,-9.46,1.24,4.4,-1.49,3.89,-0.5477777,4.5625,-8.0,-53.5625,-5.0,-3.8125,312.25,0,0,6.136364
6970,-4.87,-9.14,4.98,-1.068889,3.283333,0.4311111,11.0625,-5.875,-55.1875,-6.75,-3.3125,311.9375,0,0,6.735571
6981,-2.79,-9.86,3.21,-0.9355556,2.892222,0.2522222,11.0625,-5.875,-55.1875,-8.3125,-2.8125,311.6875,0,0,7.411166
6992,-4.11,-4.33,3.43,-0.5488889,2.617778,-0.1955556,11.0625,-5.875,-55.1875,-9.75,-2.5,311.75,0,0,8.229165
7003,-3.77,0.27,2.16,-0.04555555,2.405555,-0.5788889,11.0625,-5.875,-55.1875,-11.0625,-2.4375,312.0625,0,0,9.414063
7015,-3.2,3.8,1.04,0.34,2.164444,-0.6666667,11.0625,-5.875,-55.1875,-12.3125,-2.5625,312.4375,0,0,10.68182
7026,-2.22,5.19,0.01,0.42,1.974444,-0.5077777,19.0625,-3.375,-54.5,-13.375,-2.75,312.6875,0,0,11.77481
7039,-2.04,0.46,0.53,0.1433333,1.87,-0.2344444,19.0625,-3.375,-54.5,-15.375,-2.6875,312.8125,0,0,1.568628
7050,-2.72,-1.14,1.9,-0.1544444,1.732222,-0.08444444,19.0625,-3.375,-54.5,-16.3125,-2.625,312.8125,0,0,3.362667
7062,-2.28,0.73,1.38,-0.05777778,1.595556,-0.1566667,19.0625,-3.375,-54.5,-17.1875,-2.5625,312.875,0,0,4.822685
7073,-1.78,0.54,1.18,-0.01333333,1.462222,-0.1511111,24.0,-3.0625,-51.75,-18.0,-2.5625,312.9375,0,0,5.989604
7087,-2.29,0.26,1.68,-0.08777779,1.357778,-0.1266667,24.0,-3.0625,-51.75,-19.4375,-2.375,313.0625,0,0,6.804655
7098,-2.35,0.79,1.34,-0.1933333,1.131111,-0.2144444,24.0,-3.0625,-51.75,-20.0625,-2.25,313.125,0,0,6.529533
7109,-3.48,0.69,1.5,-0.2188889,0.9655556,-0.2966666,24.0,-3.0625,-51.75,-20.5625,-2.0625,313.25,0,0,6.529533
7121,5.03,-2.49,-2.55,-0.73,0.2511111,-0.1177778,28.375,-2.75,-49.0,-20.75,-1.6875,313.25,0,0,6.943559
7136,-2.62,0.7,2.29,-0.6855556,0.4011111,-0.1044444,28.375,-2.75,-49.0,-21.1875,-1.1875,313.3125,0,0,6.529533
7147,-0.17,-0.35,0.31,-0.3855556,0.2455555,-0.06888889,28.375,-2.75,-49.0,-21.3125,-0.9375,313.3125,0,0,5.856698
7158,-0.62,-0.03,0.6,-0.2688889,0.2611111,-0.06444445,28.375,-2.75,-49.0,-21.4375,-0.8125,313.3125,0,0,4.949198
7169,-0.11,0.02,0.13,-0.1177778,0.2322222,-0.06666667,30.1875,-2.0625,-49.0,-21.5625,-0.6875,313.375,0,0,4.324341
7185,-0.06,-0.1,0.07,-0.1744444,0.2022222,-0.03666667,30.1875,-2.0625,-49.0,-21.8125,-0.5625,313.375,0,0,2.333317
7196,-0.5,0.13,0.41,-0.08555555,0.1922222,-0.03444445,30.1875,-2.0625,-49.0,-21.9375,-0.5,313.375,0,0,1.355627
7207,-0.1,0.18,-0.04,-0.11,0.1766667,-0.02666667,30.1875,-2.0625,-49.0,-22.0,-0.4375,313.375,0,0,12.4365
7218,0.02,0.37,-0.12,-0.09444445,0.1777778,-0.04333333,29.375,-1.6875,-49.6875,-22.125,-0.375,313.375,0,0,11.84143
7234,0.18,0.52,-0.2,-0.1044444,0.18,-0.07333333,29.375,-1.6875,-49.6875,-22.3125,-0.1875,313.4375,0,0,11.32679
7245,0.11,0.5,-0.12,-0.19,0.1888889,-0.1588889,29.375,-1.6875,-49.6875,-22.4375,-0.0625,313.5,0,0.009225092,10.93751
7256,-0.18,0.16,0.1,-0.1766667,0.1955556,-0.1933333,29.375,-1.6875,-49.6875,-22.5,0.0625,313.625,0,0.006751781,10.68182
7267,-0.12,0.08,0.05,-0.1544444,0.1811111,-0.2111111,31.1875,-1.0625,-49.5625,-22.625,0.1875,313.6875,0,0.01357689,10.27872
7278,-0.23,0.0,0.21,-0.1222222,0.1688889,-0.21,31.1875,-1.0625,-49.5625,-22.6875,0.25,313.8125,0,0.04065809,9.877716
7293,0.05,-0.28,-0.03,-0.06333333,0.1566667,-0.17,31.1875,-1.0625,-49.5625,-22.875,0.4375,314.0,0,0.05281242,9.196429
7304,-0.06,-0.38,0.22,-0.06222222,0.1511111,-0.1255556,31.1875,-1.0625,-49.5625,-22.9375,0.5,314.0625,0,0.06149116,8.806481
7315,-0.18,-0.24,0.12,-0.01222222,0.17,-0.1011111,30.875,-0.75,-50.0,-23.0625,0.5625,314.125,0,0.08788551,8.37171
7331,-0.01,0.03,0.12,0.04111111,0.1777778,-0.08,30.875,-0.75,-50.0,-23.125,0.5625,314.1875,0,0.1394544,7.923385
7343,0.02,0.02,0.04,0.08888889,0.1777778,-0.05222222,30.875,-0.75,-50.0,-23.375,0.4375,314.25,0,0.1628485,7.309783
7354,-0.17,0.02,0.07,0.1111111,0.1888889,-0.04111111,30.875,-0.75,-50.0,-23.4375,0.4375,314.3125,0,0.1830207,6.836495
7365,-0.03,0.06,0.09,0.1522222,0.1966667,-0.03222222,30.875,-0.375,-48.0625,-23.5625,0.3125,314.3125,0,0.2285528,6.322114
7379,-0.23,0.11,0.13,0.1622222,0.1877778,-0.02111111,30.875,-0.375,-48.0625,-23.6875,0.25,314.375,0.01326505,0.2621861,5.781251
7391,-0.13,-0.09,0.09,0.1755556,0.1855556,-0.007777778,30.875,-0.375,-48.0625,-23.875,0.0625,314.375,0.02617801,0.2992585,5.18059
7402,-0.11,-0.09,0.07,0.1677778,0.1844444,0.01666667,30.875,-0.375,-48.0625,-24.0,0.0,314.4375,0.054805,0.3765491,4.786263
7413,-0.06,0.04,0.0,0.2155555,0.19,0.04777778,33.0,-0.75,-48.375,-24.0625,-0.0625,314.4375,0.06858578,0.3969594,4.362665
7424,-0.13,0.31,0.06,0.2277778,0.1988889,0.06333333,33.0,-0.75,-48.375,-24.1875,-0.25,314.375,0.07713247,0.4631024,3.973215
7438,-0.13,0.04,-0.02,0.2055556,0.1955556,0.05777778,33.0,-0.75,-48.375,-24.375,-0.5,314.375,0.1117318,0.5397727,3.403409
7449,-0.12,0.17,0.0,0.1522222,0.1855556,0.07888889,33.0,-0.75,-48.375,-24.5,-0.5625,314.375,0.1182839,0.5853353,2.983871
7460,-0.09,0.18,-0.01,0.1711111,0.1866667,0.07,33.375,-1.5,-47.5625,-24.625,-0.6875,314.3125,0.1252687,0.6507612,2.567114
7471,-0.06,0.05,0.0,0.1355556,0.1933333,0.06,33.375,-1.5,-47.5625,-24.6875,-0.75,314.3125,0.1271186,0.7394094,2.173913
7482,-0.04,0.05,-0.05,0.1111111,0.1977778,0.06777778,33.375,-1.5,-47.5625,-24.8125,-0.875,314.3125,0.133446,0.7844794,1.81512
7497,0.04,0.14,-0.06,0.1188889,0.21,0.06888889,33.375,-1.5,-47.5625,-25.0625,-1.0,314.25,0.160124,0.9263392,1.335227
7508,0.13,0.29,-0.01,0.07777778,0.25,0.06222222,33.375,-1.5,-46.875,-25.1875,-1.125,314.1875,0.1992497,1.072482,1.133031
7519,0.21,0.19,0.06,0.03888889,0.2722222,0.04888889,33.375,-1.5,-46.875,-25.3125,-1.125,314.1875,0.2432176,1.17825,0.8452722
7530,0.19,0.29,-0.03,0.002222222,0.3088889,0.03444445,33.375,-1.5,-46.875,-25.5,-1.1875,314.125,0.2917922,1.264121,0.733243
7545,0.13,0.25,0.01,-0.007777778,0.3488889,0.02111111,33.375,-1.5,-46.875,-25.875,-1.1875,314.125,0.3693451,1.377695,0.5211939
7557,0.23,-0.04,0.03,-0.06111111,0.4188889,0.01888889,34.1875,-1.75,-46.5,-26.125,-1.1875,314.125,0.4834067,1.45547,0.3817341
7568,0.21,-0.14,0.15,-0.06444445,0.4611111,0.04111111,34.1875,-1.75,-46.5,-26.375,-1.125,314.0625,0.5199689,1.502016,0.2480246
7581,0.22,-0.12,0.09,-0.05333333,0.51,0.07222223,34.1875,-1.75,-46.5,-26.625,-1.125,314.0,0.5965909,1.625702,0.2259948
7595,0.15,-0.22,0.26,-0.03555556,0.5644444,0.1144444,34.1875,-1.75,-46.5,-27.25,-1.1875,313.875,0.7217835,1.789638,0.2125
7606,0.34,0.54,0.23,-0.01444444,0.6966667,0.18,33.75,-1.75,-44.875,-27.625,-1.25,313.75,0.7700276,1.796875,0.08058226
7617,0.32,0.21,0.45,-0.07555556,0.7644444,0.1644444,33.75,-1.75,-44.875,-28.0625,-1.25,313.625,0.8190179,1.768131,0
7628,0.57,0.13,0.37,-0.1377778,0.8366667,0.1633333,33.75,-1.75,-44.875,-28.5,-1.25,313.5,0.8040731,1.625702,0
7643,0.84,0.04,0.76,-0.1322222,0.9355556,0.17,33.75,-1.75,-44.875,-29.625,-1.1875,313.3125,0.6127184,1.354962,0
7655,1.71,0.42,3.82,-0.08555555,1.267778,0.2033333,35.1875,-2.25,-44.5625,-30.3125,-1.25,313.1875,0.4602407,1.034137,0
7666,1.21,-0.43,2.94,0.04333333,1.398889,0.3288889,35.1875,-2.25,-44.5625,-31.0625,-1.375,313.0,0.3377016,0.733243,0
7677,4.46,0.82,-0.79,-0.05555556,1.751111,0.4155556,35.1875,-2.25,-44.5625,-32.0,-1.5,312.75,0.122319,0.4769737,0
7692,-0.93,-0.84,3.38,0.1266667,2.101111,0.5033333,35.1875,-2.25,-44.5625,-33.125,-1.75,312.5,0.008915397,0.1890638,0
7704,7.58,1.58,4.31,0.5911111,2.612222,0.4822222,37.0,-2.25,-42.1875,-35.9375,-2.5625,312.0,0,0.003059975,0
7715,2.7,0.52,8.16,0.3911111,3.255556,0.31,37.0,-2.25,-42.1875,-37.6875,-3.0,311.875,0,0,0
7726,0.22,3.59,1.12,0.868889,3.924444,0.1266667,37.0,-2.25,-42.1875,-39.8125,-3.625,311.9375,0,0,0
7740,0.4,1.91,3.82,0.3666667,4.433333,-0.2088889,37.0,-2.25,-42.1875,-42.25,-3.875,312.0625,0,0,0
7751,-0.13,1.92,2.98,0.1811111,4.792222,-0.4622222,37.0,-2.25,-42.1875,-44.875,-3.875,312.25,0,0,0
7763,-0.19,-2.38,12.83,0.2,4.743333,-1.111111,41.375,-3.6875,-36.875,-50.1875,-3.3125,313.1875,0,0,0
7774,-7.14,-1.41,11.45,0.8066667,4.246666,-1.613333,41.375,-3.6875,-36.875,-52.5,-2.8125,314.25,0,0,0
7785,3.1,0.75,12.34,1.266667,3.762222,-2.052222,41.375,-3.6875,-36.875,-54.625,-2.125,315.6875,0,0,0
7796,7.03,9.82,15.04,1.674444,2.904445,-2.068889,41.375,-3.6875,-36.875,-56.25,-1.4375,317.25,0,0,0
7807,5.87,6.13,9.37,0.9700001,1.146667,-1.9,49.875,-2.6875,-27.25,-56.875,-0.4375,318.5625,0,0,0
7821,9.26,7.23,5.47,-0.32,0.1733333,-1.605556,49.875,-2.6875,-27.25,-56.8125,2.0,319.9375,0,0,0
7832,7.38,9.26,4.35,-0.005555556,-0.5066667,-0.5022223,49.875,-2.6875,-27.25,-56.5,2.375,320.1875,0,0,0
7843,7.7,7.11,3.83,-0.3511111,-0.7722222,0.1133333,49.875,-2.6875,-27.25,-56.0625,2.4375,320.0625,0,0,0
7854,8.16,4.86,3.36,-0.5833333,-1.052222,0.6766667,52.6875,1.6875,-23.0625,-55.5,2.1875,319.5,0,0,0
7867,7.9,1.59,3.25,-0.6222222,-1.271111,1.091111,52.6875,1.6875,-23.0625,-54.875,1.625,318.6875,0,0,0
7880,7.35,0.52,3.55,-0.3344444,-1.694444,1.373333,52.6875,1.6875,-23.0625,-53.125,0.0,317.0,0,0,0
7891,6.34,-1.14,3.98,-0.2922222,-1.963333,1.282222,52.6875,1.6875,-23.0625,-52.0625,-0.6875,316.25,0,0,0
7902,5.69,-2.21,3.51,-0.2588889,-2.244444,1.113333,49.75,1.6875,-26.5,-50.875,-1.25,315.5625,0,0,0
7913,5.06,-2.33,3.3,-0.2155555,-2.487778,0.9044445,49.75,1.6875,-26.5,-49.5,-1.6875,315.0625,0,0,0
7927,4.33,-2.58,3.32,-0.1944444,-2.675555,0.6555555,49.75,1.6875,-26.5,-48.0,-1.9375,314.6875,0,0,0
7939,4.23,-2.92,3.05,-0.3088889,-3.037778,0.01222222,49.75,1.6875,-26.5,-44.8125,-1.75,314.375,0,0,0
7950,2.75,-1.59,3.25,-0.3055556,-3.154444,-0.33,43.5,-0.375,-32.5625,-43.0625,-1.375,314.5,0,0,0
7961,1.59,-0.32,3.38,-0.2755556,-3.255556,-0.5955555,43.5,-0.375,-32.5625,-41.3125,-0.875,314.8125,0,0,0
7972,0.59,1.6,3.13,-0.2733333,-3.381111,-0.7188889,43.5,-0.375,-32.5625,-39.5,-0.375,315.125,0,0,0
7986,0.19,1.88,2.72,-0.29,-3.505556,-0.6866667,43.5,-0.375,-32.5625,-37.5625,0.0,315.4375,0,0,0
7998,0.12,1.93,2.02,-0.1388889,-3.617778,-0.2933333,39.5,0.5625,-38.875,-33.625,0.5625,315.8125,0,0,0
8009,-0.57,2.94,0.72,0.04222222,-3.558889,-0.02444444,39.5,0.5625,-38.875,-31.6875,0.5,315.8125,0,0,0
8020,-0.46,2.53,0.0,0.1355556,-3.466667,0.2555556,39.5,0.5625,-38.875,-29.8125,0.375,315.6875,0,0,0
8031,-0.71,2.34,0.09,0.1888889,-3.306667,0.5144444,39.5,0.5625,-38.875,-28.0,0.125,315.4375,0,0,0
8042,-1.91,2.14,1.34,0.2433333,-3.113333,0.7311111,39.5,0.5625,-38.875,-26.3125,-0.1875,315.0625,0,0,0
8056,-2.48,1.41,1.99,0.2,-2.977778,0.8866667,31.0625,2.0625,-45.375,-24.6875,-0.5,314.625,0,0,0
8067,-3.19,0.69,2.83,0.1933333,-2.956667,1.028889,31.0625,2.0625,-45.375,-21.5,-1.125,313.5625,0,0,0
8078,-3.61,0.28,2.73,0.2711111,-3.073333,1.041111,31.0625,2.0625,-45.375,-19.8125,-1.5,313.0625,0,0,0
8089,-3.18,-0.15,1.88,0.2711111,-3.206667,1.007778,31.0625,2.0625,-45.375,-18.0625,-1.8125,312.5625,0,0,0
8100,-3.09,-0.45,1.24,0.2466667,-3.276667,0.9277778,20.25,2.375,-48.875,-16.25,-2.0625,312.125,0,0,0
8115,-3.09,-0.74,0.83,0.2577778,-3.311111,0.8211111,20.25,2.375,-48.875,-12.5625,-2.5625,311.375,0,0,0
8126,-2.91,-1.38,-0.08,0.3233333,-3.286667,0.5711111,20.25,2.375,-48.875,-10.8125,-2.75,311.125,0,0,0
8137,-2.45,-1.58,-1.88,0.5511111,-3.105556,0.4566667,20.25,2.375,-48.875,-9.0625,-3.0625,310.9375,0,0,0
8148,-3.3,-0.35,-1.8,0.81,-2.836667,0.3288889,10.1875,2.5,-49.875,-7.5625,-3.5625,310.875,0,0,0
8159,-4.12,0.39,-1.43,0.8488889,-2.548889,0.1877778,10.1875,2.5,-49.875,-6.125,-4.0,310.8125,0,0,0
8174,-6.62,0.37,1.0,0.7166667,-2.298889,0.06555556,10.1875,2.5,-49.875,-3.75,-4.75,310.9375,0,0,0
8185,-7.61,0.4,1.73,0.6244444,-2.098889,0.02111111,10.1875,2.5,-49.875,-2.5625,-5.0625,311.0,0,0,0
8196,-8.03,0.75,1.7,0.6544445,-2.14,0.09666666,2.1875,2.5,-49.875,-1.4375,-5.4375,311.0,0,0,0
8207,-6.51,0.7,-1.45,0.5977778,-2.147778,0.1777778,2.1875,2.5,-49.875,-0.25,-5.75,310.9375,0,0,0
8218,-6.27,0.25,-2.28,0.5255556,-2.068889,0.25,2.1875,2.5,-49.875,0.8125,-6.0,310.875,0,0,0
8232,-6.05,-0.32,-2.75,0.5,-1.908889,0.3033333,2.1875,2.5,-49.875,1.875,-6.3125,310.75,0,0,0
8244,-5.56,-0.47,-3.82,0.5644444,-1.696667,0.3455555,-3.0,3.25,-48.0,3.625,-6.9375,310.4375,0,0,0
8255,-5.13,-0.36,-4.81,0.6344444,-1.147778,0.4066667,-3.0,3.25,-48.0,4.25,-7.3125,310.25,0,0,0
8266,-5.3,-0.8,-4.83,0.5155556,-0.8277778,0.4022222,-3.0,3.25,-48.0,4.75,-7.5625,310.0625,0,0,0
8277,-6.65,-1.95,-2.68,0.3733333,-0.52,0.3777778,-3.0,3.25,-48.0,5.0625,-7.75,309.875,0,0,0
8288,-8.55,-2.14,-0.55,0.2988889,-0.28,0.3233333,-3.0,3.25,-48.0,5.1875,-7.875,309.6875,0,0,0
8300,-9.79,-2.41,0.76,0.3155555,-0.2133333,0.2588889,-7.5625,3.1875,-47.5,5.375,-8.0625,309.5625,0,0,0
8313,-8.29,-1.55,-2.03,0.3711111,-0.3344444,0.2,-7.5625,3.1875,-47.5,5.8125,-8.4375,309.375,0,0,0
8324,-6.21,-1.31,-5.8,0.3211111,-0.3455555,0.05777778,-7.5625,3.1875,-47.5,6.0,-8.625,309.3125,0,0,0
8335,-6.32,-1.36,-6.36,0.2033333,-0.07666667,-0.02444444,-7.5625,3.1875,-47.5,6.0,-8.75,309.3125,0,0,0
8346,-6.61,-0.8,-6.15,0.1466667,0.2544445,-0.08333334,-8.5,3.375,-46.5625,5.875,-8.8125,309.375,0,0,0
8362,-6.67,-0.48,-6.17,0.1033333,0.58,-0.1033333,-8.5,3.375,-46.5625,5.0625,-8.875,309.375,0,0,0.008605851
8373,-3.07,8.23,-13.69,-0.1122222,1.216667,-0.01555556,-8.5,3.375,-46.5625,4.4375,-8.8125,309.375,0,0,0.423341
8384,0.81,-0.51,-8.68,-0.5066667,1.862222,0.04333333,-8.5,3.375,-46.5625,3.4375,-8.5625,309.25,0,0,1.635428
8395,-1.08,-5.19,6.14,-2.401111,2.912222,-0.1922222,-7.875,3.6875,-46.6875,1.8125,-7.25,309.3125,0,0,2.848279
8409,0.03,-0.9599999,-3.15,-1.754445,2.85,-0.3711111,-7.875,3.6875,-46.6875,0.25,-6.25,309.4375,0,0,4.195479
8421,2.86,-2.7,-7.54,-2.211111,3.166667,-0.7144444,-7.875,3.6875,-46.6875,-3.0,-4.0,309.9375,0,0,5.116606
8432,-6.71,-6.78,6.83,-1.682222,3.398889,-0.6377778,-7.875,3.6875,-46.6875,-4.8125,-3.0625,310.1875,0,0,5.667229
8443,-4.45,-6.19,4.09,-0.9077778,3.143333,-0.4066667,-3.25,5.6875,-49.0625,-6.5625,-2.5625,310.375,0,0,6.14704
8454,-2.44,-6.33,3.31,-0.6722222,2.798889,-0.3677778,-3.25,5.6875,-49.0625,-8.0625,-2.1875,310.5,0,0,6.686045
8470,-0.56,-4.38,0.12,-0.3588889,2.581111,-0.4933333,-3.25,5.6875,-49.0625,-10.875,-1.875,311.0625,0,0,8.056816
8481,-4.35,4.32,1.08,0.1333333,2.643333,-0.6477778,-3.25,5.6875,-49.0625,-12.375,-1.875,311.375,0,0,9.070059
8492,-5.31,5.21,1.69,0.16,2.6,-0.4655556,2.1875,9.375,-49.5,-13.75,-1.875,311.625,0,0,10.27872
8503,-3.83,3.67,1.25,-0.1666667,2.352222,-0.3322222,2.1875,9.375,-49.5,-15.0625,-1.75,311.75,0,0,11.42017
8516,-3.23,-0.2,1.7,-0.5722222,2.138889,-0.28,2.1875,9.375,-49.5,-16.25,-1.4375,311.875,0,0,12.47319
8529,-3.45,-0.2,1.99,-0.6322222,1.798889,-0.3144444,2.1875,9.375,-49.5,-18.3125,-0.625,312.0625,0,0,1.144983
8542,-3.39,-0.65,2.78,-0.6144444,1.647778,-0.2588889,7.5625,9.6875,-48.6875,-19.1875,-0.25,312.125,0,0,2.333317
8557,-6.53,-1.75,8.16,-0.6011111,1.52,-0.2188889,7.5625,9.6875,-48.6875,-20.6875,0.375,312.3125,0,0,2.445085
8568,-15.44,-0.88,10.92,-0.5344444,0.3522222,-0.2422222,7.5625,9.6875,-48.6875,-20.875,0.75,312.375,0,0,2.445085
8579,-5.21,-0.74,4.1,-0.4355556,0.3666667,-0.1688889,7.5625,9.6875,-48.6875,-21.0625,1.0,312.4375,0,0,2.557491
8591,-1.67,0.26,0.67,-0.08333334,0.45,-0.2277778,12.25,10.75,-46.375,-21.3125,1.125,312.5625,0,0,2.557491
8606,1.39,-0.14,-0.36,-0.1422222,0.1833333,-0.1677778,12.25,10.75,-46.375,-21.4375,1.1875,312.625,0,0,2.445085
8617,-1.42,-0.31,0.85,0.02333333,0.2,-0.1466667,12.25,10.75,-46.375,-21.6875,1.3125,312.8125,0,0,2.333317
8628,-0.06,-0.18,0.13,-0.04111111,0.1377778,-0.09333333,12.25,10.75,-46.375,-21.75,1.375,312.875,0,0,1.249988
8639,-0.28,0.15,0.19,0.03111111,0.1622222,-0.07888889,11.6875,12.0,-46.75,-21.8125,1.375,312.875,0,0,0.8333415
8655,-0.27,0.13,0.14,0.05222222,0.1688889,-0.06888889,11.6875,12.0,-46.75,-22.0,1.375,312.9375,0,0,0.02688599
8666,-0.25,-0.07,0.12,0.02,0.1466667,-0.02777778,11.6875,12.0,-46.75,-22.0625,1.375,313.0,0,0,12.04545
8677,0.04,0.11,-0.05,0.04888889,0.1455556,-0.01555556,11.6875,12.0,-46.75,-22.1875,1.375,313.0,0,0,11.67613
8688,0.0,0.05,0.05,0.04777778,0.1266667,-0.005555556,12.375,11.5625,-47.875,-22.25,1.3125,313.0,0,0,11.17416
8703,-0.1,0.05,0.06,0.06444445,0.1433333,0.01,12.375,11.5625,-47.875,-22.3125,1.3125,313.0,0,0,10.68182
8715,-0.18,0.24,-0.1,0.08888889,0.1444445,0.007777778,12.375,11.5625,-47.875,-22.5,1.1875,313.0,0,0,10.27872
8726,-0.15,0.36,-0.01,0.07888889,0.1366667,-0.008888889,12.375,11.5625,-47.875,-22.5625,1.125,313.0,0,0,9.999998
8737,-0.1,0.19,0.0,0.04,0.1266667,-0.01333333,12.75,11.25,-47.5625,-22.625,1.125,313.0625,0,0,9.503673
8748,0.0,0.19,-0.08,0.03111111,0.12,-0.01666667,12.75,11.25,-47.5625,-22.6875,1.125,313.0625,0,0.004903163,9.13286
8764,0.06,0.18,-0.09,0.05,0.1155555,-0.02444444,12.75,11.25,-47.5625,-22.8125,1.0625,313.0625,0,0.02872846,8.612716
8775,-0.07,0.14,-0.04,0.07888889,0.1333333,-0.03444445,12.75,11.25,-47.5625,-22.875,1.0,313.125,0,0.04098361,8.353662
8786,-0.05,0.0,0.01,0.08666667,0.1222222,-0.02777778,12.0625,11.5625,-47.5625,-23.0,0.9375,313.125,0,0.0501651,8.073771
8797,-0.06,0.0,0.01,0.08333334,0.1277778,-0.01444444,12.0625,11.5625,-47.5625,-23.0625,0.9375,313.1875,0,0.05680368,7.698865
8813,0.0,0.15,-0.08,0.1155555,0.1333333,-0.01222222,12.0625,11.5625,-47.5625,-23.1875,0.75,313.1875,0,0.08335504,7.100327
8824,-0.13,0.24,-0.02,0.1544444,0.1488889,-0.02555555,12.0625,11.5625,-47.5625,-23.25,0.6875,313.25,0,0.09068884,6.58882
8835,-0.08,0.23,0.03,0.1411111,0.1455556,-0.03333333,13.0625,12.0,-46.25,-23.375,0.625,313.25,0,0.1186497,6.190043
8846,-0.14,0.04,0.0,0.1333333,0.1422222,-0.03888889,13.0625,12.0,-46.25,-23.4375,0.5625,313.3125,0.004903163,0.1375712,5.790921
8857,-0.06,0.0,-0.02,0.1133333,0.13,-0.03,13.0625,12.0,-46.25,-23.5,0.5,313.3125,0.01264184,0.1632385,5.295716
8872,-0.05,0.0,-0.02,0.1355556,0.1422222,-0.01333333,13.0625,12.0,-46.25,-23.6875,0.3125,313.375,0.04359364,0.1988395,4.729848
8883,0.0,-0.15,0.1,0.1988889,0.1777778,0.04,12.375,10.5,-46.6875,-23.75,0.1875,313.375,0.08405005,0.2324066,4.283784
8894,0.16,-0.14,-0.11,0.22,0.1988889,0.07777778,12.375,10.5,-46.6875,-23.875,0.0625,313.375,0.1120942,0.2684663,3.80306
8905,-0.12,0.34,-0.07,0.2433333,0.2266667,0.07,12.375,10.5,-46.6875,-24.0,0.0,313.375,0.1234237,0.3235475,3.353193
8921,-0.2,0.4,-0.06,0.2177778,0.2244444,0.05,12.375,10.5,-46.6875,-24.25,-0.25,313.375,0.135693,0.4659739,2.636674
8932,-0.13,0.31,-0.01,0.09555555,0.2022222,0.01111111,13.0625,10.5,-46.6875,-24.375,-0.25,313.375,0.1659751,0.5291971,2.272884
8943,-0.04,0.21,-0.02,0.06666667,0.1966667,0.001111111,13.0625,10.5,-46.6875,-24.4375,-0.3125,313.375,0.2276992,0.5965909,1.884569
8954,0.0,0.21,-0.1,0.06,0.2066667,-0.007777778,13.0625,10.5,-46.6875,-24.5625,-0.375,313.375,0.2862395,0.673619,1.512412
8970,0.0,0.08,0.04,0.06,0.22,-0.003333333,13.0625,10.5,-46.6875,-24.8125,-0.4375,313.375,0.3259698,0.8090305,1.112137
8981,0.06,-0.06,0.1,0.05666667,0.2433333,0.02,13.0625,9.75,-45.5625,-24.9375,-0.5,313.375,0.4022757,0.9774804,0.8792638
8992,0.46,-0.14,0.04,0.08666667,0.3244444,0.09444445,13.0625,9.75,-45.5625,-25.125,-0.5625,313.3125,0.5236487,1.140822,0.6940752
9008,0.44,0.02,-0.08,0.07111111,0.3866667,0.1255556,13.0625,9.75,-45.5625,-25.375,-0.625,313.25,0.6500557,1.383102,0.4653988
9020,0.47,0.36,0.15,-0.01111111,0.5344444,0.1088889,13.0625,9.75,-45.5625,-25.875,-0.6875,313.125,0.8065488,1.533442,0.2853179
9031,0.4,0.34,0.21,-0.06111111,0.5955555,0.09333333,14.25,10.875,-45.5625,-26.25,-0.6875,313.0625,0.9244903,1.625702,0.2524215
9042,0.32,0.16,0.17,-0.08555555,0.6566667,0.07888889,14.25,10.875,-45.5625,-26.5625,-0.6875,313.0,0.9990114,1.724288,0.2158505
9054,0.28,0.02,0.31,-0.1055556,0.72,0.08888889,14.25,10.875,-45.5625,-26.9375,-0.625,312.9375,1.038221,1.746926,0.1854319
9069,0.06,-0.83,1.0,-0.1033333,0.9255555,0.2633333,16.75,10.5,-44.75,-28.375,-0.625,312.5625,1.09375,1.727749,0
9080,1.68,-0.53,0.8,-0.13,1.108889,0.3444445,16.75,10.5,-44.75,-28.9375,-0.6875,312.375,1.106699,1.598497,0
9092,1.46,0.43,0.61,0.06333333,1.283333,0.4244444,16.75,10.5,-44.75,-29.625,-0.8125,312.125,0.9784501,1.310656,0
9107,4.04,1.76,0.43,0.07666667,1.533333,0.4055555,16.75,10.5,-44.75,-31.4375,-1.125,311.6875,0.6564246,0.8556149,0
9118,-1.4,-0.43,1.33,-0.21,1.966667,0.3677778,17.5,11.25,-45.1875,-32.5,-1.1875,311.4375,0.355127,0.5926026,0
9134,0.89,2.05,-1.88,0.2044444,1.861111,0.3422222,17.5,11.25,-45.1875,-33.5,-1.4375,311.25,0.09633089,0.2025398,0
9146,3.29,-0.53,1.14,0.06777778,2.811111,0.2177778,17.5,11.25,-45.1875,-36.3125,-1.5,310.9375,0.008605851,0.07472826,0
9157,-1.02,0.77,4.67,0.4033333,3.554445,0.1811111,17.5,11.25,-45.1875,-38.25,-1.8125,310.875,0,0,0
9168,-3.62,1.79,-4.9,0.4866667,3.916667,0.09111111,20.75,10.0625,-43.25,-40.375,-2.1875,310.875,0,0,0
9180,-1.27,-1.67,4.76,-0.1344445,3.751111,-0.07888889,20.75,10.0625,-43.25,-42.4375,-2.1875,310.875,0,0,0
9194,-1.26,2.13,3.33,0.007777778,4.526667,-0.2577778,20.75,10.0625,-43.25,-47.5625,-2.0,311.1875,0,0,0
9205,-0.49,-0.15,2.77,-0.2077778,5.024445,-0.7355556,20.75,10.0625,-43.25,-50.3125,-1.5625,311.5,0,0,0
9216,-0.29,0.92,4.17,-0.07555556,5.223333,-1.01,25.875,10.0625,-38.25,-53.1875,-0.875,312.0,0,0,0
9227,-1.71,0.26,4.57,0.1333333,5.081111,-1.261111,25.875,10.0625,-38.25,-55.9375,0.0,312.75,0,0,0
9239,-4.67,-1.9,7.7,0.64,4.634444,-1.507778,25.875,10.0625,-38.25,-58.4375,0.875,313.75,0,0,0
9253,-7.58,-0.9599999,9.86,1.048889,4.316667,-1.991111,25.875,10.0625,-38.25,-62.9375,4.0,316.9375,0,0,0
9264,3.22,1.39,8.94,1.384444,4.076667,-2.248889,33.25,12.1875,-31.6875,-64.625,6.1875,318.8125,0,0,0
9275,2.36,8.93,14.05,0.7944445,1.755556,-2.332222,33.25,12.1875,-31.6875,-65.375,8.75,320.375,0,0,0
9286,4.46,10.49,11.29,-0.09555555,0.5266666,-1.667778,33.25,12.1875,-31.6875,-65.5,10.875,321.3125,0,0,0
9298,6.55,10.72,8.69,-0.2555556,-0.2566667,-0.8988889,33.25,12.1875,-31.6875,-65.25,12.0,321.6875,0,0,0
9310,8.56,6.96,5.47,-0.5333333,-0.7711111,-0.08111111,33.25,12.1875,-31.6875,-64.875,12.1875,321.5,0,0,0
9321,8.38,4.97,5.09,-0.6733334,-1.065556,0.5555556,38.0,14.6875,-25.875,-64.375,11.6875,320.9375,0,0,0
9333,8.27,3.4,5.03,-0.5988889,-1.533333,1.21,38.0,14.6875,-25.875,-63.0625,9.375,319.25,0,0,0
9344,7.33,-0.57,5.78,-0.4944444,-1.802222,1.234444,38.0,14.6875,-25.875,-62.1875,8.0625,318.375,0,0,0
9355,6.53,-1.63,6.28,-0.4122222,-2.127778,1.1,38.0,14.6875,-25.875,-61.125,6.9375,317.5625,0,0,0
9367,5.58,-2.15,6.64,-0.2844444,-2.51,0.8711111,37.6875,17.875,-27.25,-59.8125,6.0,316.9375,0,0,0
9381,4.46,-2.12,5.68,-0.15,-2.933333,0.5933333,37.6875,17.875,-27.25,-56.5,4.75,316.25,0,0,0
9392,4.22,-1.93,3.41,-0.05666667,-3.603333,0.09222222,37.6875,17.875,-27.25,-54.5,4.5,316.125,0,0,0
9403,3.74,-1.7,2.36,-0.05888889,-3.761111,-0.09888888,37.6875,17.875,-27.25,-52.5,4.375,316.125,0,0,0
9414,2.82,-0.9599999,2.22,-0.004444445,-3.8,-0.2222222,32.875,16.875,-30.6875,-50.375,4.375,316.1875,0,0,0
9430,2.3,-0.23,1.9,0.06444445,-3.807778,-0.28,32.875,16.875,-30.6875,-46.25,4.25,316.375,0,0,0
9441,0.66,0.73,1.91,0.08888889,-3.77,-0.2355556,32.875,16.875,-30.6875,-44.1875,4.1875,316.5,0,0,0
9452,-0.53,0.75,2.31,0.1377778,-3.742222,-0.1577778,32.875,16.875,-30.6875,-42.125,4.0625,316.5625,0,0,0
9463,-1.65,1.0,2.67,0.2566667,-3.753333,-0.04111111,28.5625,19.0625,-36.5,-40.125,3.8125,316.5625,0,0,0
9475,-3.21,2.07,3.56,0.3955555,-3.808889,0.1055556,28.5625,19.0625,-36.5,-38.0625,3.4375,316.5,0,0,0
9491,-3.27,1.97,3.08,0.4233334,-3.928889,0.26,28.5625,19.0625,-36.5,-33.75,2.5625,316.1875,0,0,0
9502,-2.53,0.43,0.58,0.3611111,-4.104445,0.5611111,28.5625,19.0625,-36.5,-31.5,2.125,315.875,0,0,0
9513,-2.28,0.36,-0.03,0.4677778,-4.032222,0.68,19.875,19.75,-38.75,-29.3125,1.625,315.5625,0,0,0
9527,-2.79,0.44,0.06,0.5777778,-3.871111,0.7588889,19.875,19.75,-38.75,-27.25,1.0625,315.1875,0,0,0
9539,-3.37,0.35,0.4,0.6155556,-3.691111,0.8022223,19.875,19.75,-38.75,-23.3125,0.0,314.4375,0,0,0
9551,-4.08,-0.29,1.45,0.5466667,-3.501111,0.8144444,19.875,19.75,-38.75,-21.375,-0.4375,314.0625,0,0,0
9562,-4.41,-0.47,1.62,0.5222222,-3.464444,0.7822222,12.5625,21.25,-40.6875,-19.5,-0.875,313.6875,0,0,0
9578,-5.01,-0.28,1.57,0.55,-3.444444,0.7477777,12.5625,21.25,-40.6875,-15.6875,-1.75,313.0625,0,0,0
9589,-5.57,-0.89,1.5,0.5855556,-3.448889,0.6888889,12.5625,21.25,-40.6875,-13.8125,-2.125,312.75,0,0,0
9600,-5.79,-0.85,1.44,0.6677778,-3.458889,0.6633334,12.5625,21.25,-40.6875,-11.9375,-2.5625,312.4375,0,0,0
9612,-5.52,-0.61,0.68,0.7111111,-3.472222,0.6333333,6.0,22.0625,-41.0625,-10.0,-3.0,312.1875,0,0,0
9627,-5.63,-0.52,0.03,0.7122222,-3.452222,0.5844445,6.0,22.0625,-41.0625,-6.3125,-3.8125,311.75,0,0,0
9638,-5.72,-0.98,-1.65,0.6455555,-3.213333,0.5033333,6.0,22.0625,-41.0625,-4.5,-4.1875,311.5625,0,0,0
9649,-6.14,-0.74,-1.88,0.7055555,-3.011111,0.4744444,6.0,22.0625,-41.0625,-2.875,-4.5625,311.375,0,0,0
9660,-6.55,-0.64,-2.01,0.7344444,-2.778889,0.4455556,1.375,21.6875,-41.1875,-1.3125,-4.9375,311.1875,0,0,0
9676,-6.89,-0.81,-2.05,0.72,-2.542222,0.4211111,1.375,21.6875,-41.1875,1.25,-5.75,310.875,0,0,0
9687,-7.06,-1.59,-3.17,0.75,-2.092222,0.3622222,1.375,21.6875,-41.1875,2.4375,-6.125,310.75,0,0,0
9698,-6.8,-1.74,-4.12,0.76,-1.845555,0.3077778,1.375,21.6875,-41.1875,3.4375,-6.5625,310.625,0,0,0
9709,-7.4,-2.72,-3.93,0.7466667,-1.538889,0.2377778,-3.5,21.25,-41.0625,4.3125,-7.0,310.5,0,0,0
9720,-9.09,-2.71,-2.79,0.77,-1.206667,0.1555556,-3.5,21.25,-41.0625,4.9375,-7.375,310.4375,0,0,0
9735,-10.24,-2.42,-2.3,0.8111111,-0.9933333,0.06333333,-3.5,21.25,-41.0625,5.5,-7.8125,310.4375,0,0,0
9747,-8.92,-2.13,-6.02,0.5788889,-0.7688889,-0.02888889,-3.5,21.25,-41.0625,6.375,-8.5625,310.5,0,0,0
9758,-8.35,-2.16,-7.23,0.3855556,-0.5066667,-0.05666667,-6.375,20.75,-40.375,6.6875,-8.8125,310.5,0,0,0
9770,-8.07,-2.29,-7.7,0.1744444,-0.1288889,-0.1055556,-6.375,20.75,-40.375,6.75,-8.875,310.5625,0,0,0
9785,-8.49,-2.59,-6.55,0.0,0.3033333,-0.1644444,-6.375,20.75,-40.375,6.1875,-8.875,310.75,0,0,0
9796,-9.74,-2.23,-4.18,-0.1377778,0.8833333,-0.2544445,-6.375,20.75,-40.375,5.6875,-8.8125,310.875,0,0,0
9808,-8.34,-1.34,-2.74,-0.26,0.8633333,-0.2655556,-8.0625,20.5625,-40.1875,5.1875,-8.625,310.9375,0,0,0.1754386
9822,-4.1,-1.72,-4.59,-0.3788889,0.8066667,-0.2555556,-8.0625,20.5625,-40.1875,4.6875,-8.4375,311.0625,0,0,1.277778
9835,5.66,0.87,0.77,-0.44,1.075556,-0.3011111,-8.0625,20.5625,-40.1875,3.25,-8.125,311.5,0,0,2.416727
9846,10.14,4.28,-13.63,-1.472222,1.675556,-1.151111,-8.0625,20.5625,-40.1875,2.3125,-7.3125,312.0625,0,0,3.208842
9858,6.02,2.29,-9.6,-2.474444,2.435555,-1.527778,-5.6875,21.1875,-39.0,0.875,-6.0,312.875,0,0,4.016203
9873,-3.08,-0.04,1.53,-2.001111,3.281111,-1.208889,-5.6875,21.1875,-39.0,-2.8125,-4.1875,313.625,0,0,4.640391
9884,-8.76,-1.34,4.16,-0.99,3.146667,0.01888889,-5.6875,21.1875,-39.0,-4.5,-3.625,313.5,0,0,5.046126
9895,-3.72,-6.56,4.02,-0.8455555,2.742222,0.1388889,-5.6875,21.1875,-39.0,-6.0,-3.1875,313.375,0,0,5.363372
9906,-2.03,-6.86,2.53,-0.6744444,2.463333,-0.04777778,-1.75,24.25,-40.5,-7.3125,-2.8125,313.375,0,0,5.859377
9922,-3.79,-4.55,3.17,-0.3188889,2.361111,-0.39,-1.75,24.25,-40.5,-9.8125,-2.625,313.8125,0,0,6.874998
9933,-3.82,-1.14,2.05,0.2855556,1.966667,-0.6433333,-1.75,24.25,-40.5,-10.9375,-2.6875,314.1875,0,0,7.667686
9944,-1.93,6.02,-0.9,0.2633333,1.875556,-0.5266666,-1.75,24.25,-40.5,-11.9375,-2.8125,314.4375,0,0,8.670058
9955,-2.08,4.42,-0.17,0.004444445,1.85,-0.2466667,1.6875,25.6875,-40.0,-12.9375,-2.75,314.5625,0,0,9.687498
9966,-2.08,1.24,0.65,-0.2833333,1.793333,-0.02,1.6875,25.6875,-40.0,-13.9375,-2.625,314.5,0,0,10.93751
9981,-2.2,-2.9,1.64,-0.5444445,1.666667,-0.01,1.6875,25.6875,-40.0,-15.6875,-2.0625,314.5,0,0,12.14987
9994,-1.75,0.73,1.02,-0.2233333,1.428889,-0.24,1.6875,25.6875,-40.0,-16.5,-1.9375,314.625,0,0,0.8333415
10005,-1.38,1.04,0.57,-0.2544445,1.36,-0.1866667,4.25,25.25,-38.5,-17.1875,-1.75,314.6875,0,0,2.557491
